content,tokenized_text,stemmed_text,filtered_text,tokenized_stemmed_text
plyanan bagus  banyak  promo sipp dech,"['plyanan', 'bagus', 'banyak', 'promo', 'sipp', 'dech']",plyanan bagus banyak promo sipp dech,plyanan bagus banyak promo sipp dech,"['plyanan', 'bagus', 'banyak', 'promo', 'sipp', 'dech']"
sesuai nice,"['sesuai', 'nice']",sesuai nice,sesuai nice,"['sesuai', 'nice']"
setelah update jadi lag dan tidak bisa dibuka aplikasinya dulunya bagus justru setelah update aplikasinya tidak bisa dipakai,"['setelah', 'update', 'jadi', 'lag', 'dan', 'tidak', 'bisa', 'dibuka', 'aplikasinya', 'dulunya', 'bagus', 'justru', 'setelah', 'update', 'aplikasinya', 'tidak', 'bisa', 'dipakai']",telah update jadi lag dan tidak bisa buka aplikasi dulunya bagus justru telah update aplikasi tidak bisa pakai,update lag buka aplikasi bagus justru update aplikasi pakai,"['update', 'lag', 'buka', 'aplikasi', 'bagus', 'justru', 'update', 'aplikasi', 'pakai']"
tolong anak magang jangan di suruh bikin aplikasi ini aplikasi nya amatir sekali  sering bug sering masalah aplikasi nya tidak guna sekali ,"['tolong', 'anak', 'magang', 'jangan', 'di', 'suruh', 'bikin', 'aplikasi', 'ini', 'aplikasi', 'nya', 'amatir', 'sekali', 'sering', 'bug', 'sering', 'masalah', 'aplikasi', 'nya', 'tidak', 'guna', 'sekali']",tolong anak magang jangan di suruh bikin aplikasi ini aplikasi nya amatir sekali sering bug sering masalah aplikasi nya tidak guna sekali,anak magang jangan suruh bikin aplikasi aplikasi amatir sekali sering bug sering masalah aplikasi sekali,"['anak', 'magang', 'jangan', 'suruh', 'bikin', 'aplikasi', 'aplikasi', 'amatir', 'sekali', 'sering', 'bug', 'sering', 'masalah', 'aplikasi', 'sekali']"
sebelumnya ada kendala buat akun namun team customer service pizza hut sangat responsif dan membantu dalam mengarahkan saya mengatasi masalah tersebut terima kasih banyak,"['sebelumnya', 'ada', 'kendala', 'buat', 'akun', 'namun', 'team', 'customer', 'service', 'pizza', 'hut', 'sangat', 'responsif', 'dan', 'membantu', 'dalam', 'mengarahkan', 'saya', 'mengatasi', 'masalah', 'tersebut', 'terima', 'kasih', 'banyak']",belum ada kendala buat akun namun team customer service pizza hut sangat responsif dan bantu dalam arah saya atas masalah sebut terima kasih banyak,kendala akun team customer service pizza hut sangat responsif bantu arah atas masalah sebut terima kasih banyak,"['kendala', 'akun', 'team', 'customer', 'service', 'pizza', 'hut', 'sangat', 'responsif', 'bantu', 'arah', 'atas', 'masalah', 'sebut', 'terima', 'kasih', 'banyak']"
mantap ,['mantap'],mantap,mantap,['mantap']
aplikasinya mudah dimengerti bahkan bagi pemula dan juga banyak reward dan promonya,"['aplikasinya', 'mudah', 'dimengerti', 'bahkan', 'bagi', 'pemula', 'dan', 'juga', 'banyak', 'reward', 'dan', 'promonya']",aplikasi mudah erti bahkan bagi mula dan juga banyak reward dan promonya,aplikasi mudah erti bahkan mula banyak reward promonya,"['aplikasi', 'mudah', 'erti', 'bahkan', 'mula', 'banyak', 'reward', 'promonya']"
the best,"['the', 'best']",the best,the best,"['the', 'best']"
menu bervariasi dengan  promo yang  menarik,"['menu', 'bervariasi', 'dengan', 'promo', 'yang', 'menarik']",menu variasi dengan promo yang tarik,menu variasi promo tarik,"['menu', 'variasi', 'promo', 'tarik']"
oke,['oke'],oke,oke,['oke']
,[],,,[]
membantu,['membantu'],bantu,bantu,['bantu']
tidak bisa pesan banyak tombol tidak dapat digunakan,"['tidak', 'bisa', 'pesan', 'banyak', 'tombol', 'tidak', 'dapat', 'digunakan']",tidak bisa pesan banyak tombol tidak dapat guna,pesan banyak tombol,"['pesan', 'banyak', 'tombol']"
aplikasi ribet tidak friendly silahkan survei ke lapangan cari instal aplikasi pizza hut di hp nya terus infokan bisa tidak dia pakai aplikasi tersebut jika bisa pasti agak lama,"['aplikasi', 'ribet', 'tidak', 'friendly', 'silahkan', 'survei', 'ke', 'lapangan', 'cari', 'instal', 'aplikasi', 'pizza', 'hut', 'di', 'hp', 'nya', 'terus', 'infokan', 'bisa', 'tidak', 'dia', 'pakai', 'aplikasi', 'tersebut', 'jika', 'bisa', 'pasti', 'agak', 'lama']",aplikasi ribet tidak friendly silah survei ke lapang cari instal aplikasi pizza hut di hp nya terus info bisa tidak dia pakai aplikasi sebut jika bisa pasti agak lama,aplikasi ribet friendly silah survei lapang cari instal aplikasi pizza hut hp terus info pakai aplikasi sebut lama,"['aplikasi', 'ribet', 'friendly', 'silah', 'survei', 'lapang', 'cari', 'instal', 'aplikasi', 'pizza', 'hut', 'hp', 'terus', 'info', 'pakai', 'aplikasi', 'sebut', 'lama']"
aplikasi gaje saya sudah bayar pesanan malah di cancel hubungi cs tidak guna,"['aplikasi', 'gaje', 'saya', 'sudah', 'bayar', 'pesanan', 'malah', 'di', 'cancel', 'hubungi', 'cs', 'tidak', 'guna']",aplikasi gaje saya sudah bayar pesan malah di cancel hubung cs tidak guna,aplikasi gaje bayar pesan malah cancel hubung cs,"['aplikasi', 'gaje', 'bayar', 'pesan', 'malah', 'cancel', 'hubung', 'cs']"
enak kalau pesan  tinggal by aplikasi saja  bayar juga tidak perlu ke kasir langsung lewat aplikasi tapi aplikasi ini hanya enak buat dine in saja  kalau mau delivery susah sekali  titik maps tidak sesuai mau di edit maps aplikasi tidak terbaca loading terus dan tombol tombolnya tidak bisa dipencet coba takeaway pun sulit karena tombolnya juga tidak bisa dipencet bingung sekali  kok tombol confirm nya tidak bisa dipencet padahal sudah pilih  store dan waktu ambilnya kapan harus diperbaiki lagi aplikasinya,"['enak', 'kalau', 'pesan', 'tinggal', 'by', 'aplikasi', 'saja', 'bayar', 'juga', 'tidak', 'perlu', 'ke', 'kasir', 'langsung', 'lewat', 'aplikasi', 'tapi', 'aplikasi', 'ini', 'hanya', 'enak', 'buat', 'dine', 'in', 'saja', 'kalau', 'mau', 'delivery', 'susah', 'sekali', 'titik', 'maps', 'tidak', 'sesuai', 'mau', 'di', 'edit', 'maps', 'aplikasi', 'tidak', 'terbaca', 'loading', 'terus', 'dan', 'tombol', 'tombolnya', 'tidak', 'bisa', 'dipencet', 'coba', 'takeaway', 'pun', 'sulit', 'karena', 'tombolnya', 'juga', 'tidak', 'bisa', 'dipencet', 'bingung', 'sekali', 'kok', 'tombol', 'confirm', 'nya', 'tidak', 'bisa', 'dipencet', 'padahal', 'sudah', 'pilih', 'store', 'dan', 'waktu', 'ambilnya', 'kapan', 'harus', 'diperbaiki', 'lagi', 'aplikasinya']",enak kalau pesan tinggal by aplikasi saja bayar juga tidak perlu ke kasir langsung lewat aplikasi tapi aplikasi ini hanya enak buat dine in saja kalau mau delivery susah sekali titik maps tidak sesuai mau di edit maps aplikasi tidak baca loading terus dan tombol tombol tidak bisa pencet coba takeaway pun sulit karena tombol juga tidak bisa pencet bingung sekali kok tombol confirm nya tidak bisa pencet padahal sudah pilih store dan waktu ambil kapan harus baik lagi aplikasi,enak pesan tinggal by aplikasi bayar perlu kasir langsung lewat aplikasi aplikasi enak dine in mau delivery susah sekali titik maps sesuai mau edit maps aplikasi baca loading terus tombol tombol pencet coba takeaway sulit tombol pencet bingung sekali kok tombol confirm pencet padahal pilih store waktu ambil kapan baik aplikasi,"['enak', 'pesan', 'tinggal', 'by', 'aplikasi', 'bayar', 'perlu', 'kasir', 'langsung', 'lewat', 'aplikasi', 'aplikasi', 'enak', 'dine', 'in', 'mau', 'delivery', 'susah', 'sekali', 'titik', 'maps', 'sesuai', 'mau', 'edit', 'maps', 'aplikasi', 'baca', 'loading', 'terus', 'tombol', 'tombol', 'pencet', 'coba', 'takeaway', 'sulit', 'tombol', 'pencet', 'bingung', 'sekali', 'kok', 'tombol', 'confirm', 'pencet', 'padahal', 'pilih', 'store', 'waktu', 'ambil', 'kapan', 'baik', 'aplikasi']"
bagus,['bagus'],bagus,bagus,['bagus']
tidak jelas mau delivery kolom pilih outletnya tidak aktif,"['tidak', 'jelas', 'mau', 'delivery', 'kolom', 'pilih', 'outletnya', 'tidak', 'aktif']",tidak jelas mau delivery kolom pilih outletnya tidak aktif,jelas mau delivery kolom pilih outletnya aktif,"['jelas', 'mau', 'delivery', 'kolom', 'pilih', 'outletnya', 'aktif']"
setelah update malah tidak bisa jalan aplikasinya,"['setelah', 'update', 'malah', 'tidak', 'bisa', 'jalan', 'aplikasinya']",telah update malah tidak bisa jalan aplikasi,update malah jalan aplikasi,"['update', 'malah', 'jalan', 'aplikasi']"
tidak pernak kecewaa,"['tidak', 'pernak', 'kecewaa']",tidak pernak kecewaa,pernak kecewaa,"['pernak', 'kecewaa']"
setelah diupdate aplikasinya jadi sering keluar sendiri,"['setelah', 'diupdate', 'aplikasinya', 'jadi', 'sering', 'keluar', 'sendiri']",telah diupdate aplikasi jadi sering keluar sendiri,diupdate aplikasi sering keluar sendiri,"['diupdate', 'aplikasi', 'sering', 'keluar', 'sendiri']"
tak bisa pesan delivery tak bisa tekan tombol comfirmasi payah,"['tak', 'bisa', 'pesan', 'delivery', 'tak', 'bisa', 'tekan', 'tombol', 'comfirmasi', 'payah']",tak bisa pesan delivery tak bisa tekan tombol comfirmasi payah,tak pesan delivery tak tekan tombol comfirmasi payah,"['tak', 'pesan', 'delivery', 'tak', 'tekan', 'tombol', 'comfirmasi', 'payah']"
tidak bisa pilih  outlet untuk  delivery alamatnya berubahrubah,"['tidak', 'bisa', 'pilih', 'outlet', 'untuk', 'delivery', 'alamatnya', 'berubahrubah']",tidak bisa pilih outlet untuk delivery alamat berubahrubah,pilih outlet delivery alamat berubahrubah,"['pilih', 'outlet', 'delivery', 'alamat', 'berubahrubah']"
aplikasi kurang bagus registrasi kode otp lama tidak masuk,"['aplikasi', 'kurang', 'bagus', 'registrasi', 'kode', 'otp', 'lama', 'tidak', 'masuk']",aplikasi kurang bagus registrasi kode otp lama tidak masuk,aplikasi kurang bagus registrasi kode otp lama masuk,"['aplikasi', 'kurang', 'bagus', 'registrasi', 'kode', 'otp', 'lama', 'masuk']"
ngebug di map saat mau delivery jadi tidak bisa memantau drivernya lagi tambahkan fitur chat ke driver nya agar bisa komunikasi dengan drivernya,"['ngebug', 'di', 'map', 'saat', 'mau', 'delivery', 'jadi', 'tidak', 'bisa', 'memantau', 'drivernya', 'lagi', 'tambahkan', 'fitur', 'chat', 'ke', 'driver', 'nya', 'agar', 'bisa', 'komunikasi', 'dengan', 'drivernya']",ngebug di map saat mau delivery jadi tidak bisa pantau drivernya lagi tambah fitur chat ke driver nya agar bisa komunikasi dengan drivernya,ngebug map mau delivery pantau drivernya tambah fitur chat driver komunikasi drivernya,"['ngebug', 'map', 'mau', 'delivery', 'pantau', 'drivernya', 'tambah', 'fitur', 'chat', 'driver', 'komunikasi', 'drivernya']"
tidak tersedia diarea saya,"['tidak', 'tersedia', 'diarea', 'saya']",tidak sedia area saya,sedia area,"['sedia', 'area']"
saya suka si sama makanan dari sini tapi dari pengiriman masih suka error,"['saya', 'suka', 'si', 'sama', 'makanan', 'dari', 'sini', 'tapi', 'dari', 'pengiriman', 'masih', 'suka', 'error']",saya suka si sama makan dari sini tapi dari kirim masih suka error,suka si makan sini kirim suka error,"['suka', 'si', 'makan', 'sini', 'kirim', 'suka', 'error']"
agak susahh pilih menunya tidak bisa beli dua ya apa saya yang  tidak tahu ya,"['agak', 'susahh', 'pilih', 'menunya', 'tidak', 'bisa', 'beli', 'dua', 'ya', 'apa', 'saya', 'yang', 'tidak', 'tahu', 'ya']",agak susahh pilih menu tidak bisa beli dua ya apa saya yang tidak tahu ya,susahh pilih menu beli apa tahu,"['susahh', 'pilih', 'menu', 'beli', 'apa', 'tahu']"
tidak sesimpel aplikasi sebelah tidak ada daftar menu harga,"['tidak', 'sesimpel', 'aplikasi', 'sebelah', 'tidak', 'ada', 'daftar', 'menu', 'harga']",tidak simpel aplikasi belah tidak ada daftar menu harga,simpel aplikasi belah daftar menu harga,"['simpel', 'aplikasi', 'belah', 'daftar', 'menu', 'harga']"
maps nya tidak mau kebuka padahal koneksi internet lancar saja  lokasi juga sudah aktif dan sudah dikasih ijin untuk aplikasi akses lokasi jadi bingung mau mantau delivery tapi tidak bisa,"['maps', 'nya', 'tidak', 'mau', 'kebuka', 'padahal', 'koneksi', 'internet', 'lancar', 'saja', 'lokasi', 'juga', 'sudah', 'aktif', 'dan', 'sudah', 'dikasih', 'ijin', 'untuk', 'aplikasi', 'akses', 'lokasi', 'jadi', 'bingung', 'mau', 'mantau', 'delivery', 'tapi', 'tidak', 'bisa']",maps nya tidak mau buka padahal koneksi internet lancar saja lokasi juga sudah aktif dan sudah kasih ijin untuk aplikasi akses lokasi jadi bingung mau mantau delivery tapi tidak bisa,maps mau buka padahal koneksi internet lancar lokasi aktif kasih ijin aplikasi akses lokasi bingung mau mantau delivery,"['maps', 'mau', 'buka', 'padahal', 'koneksi', 'internet', 'lancar', 'lokasi', 'aktif', 'kasih', 'ijin', 'aplikasi', 'akses', 'lokasi', 'bingung', 'mau', 'mantau', 'delivery']"
setelah di update aplikasi tidak bisa dipakai untuk delivery ataupun dine in tidak bisa memilih outlet untuk  memesan,"['setelah', 'di', 'update', 'aplikasi', 'tidak', 'bisa', 'dipakai', 'untuk', 'delivery', 'ataupun', 'dine', 'in', 'tidak', 'bisa', 'memilih', 'outlet', 'untuk', 'memesan']",telah di update aplikasi tidak bisa pakai untuk delivery atau dine in tidak bisa pilih outlet untuk mes,update aplikasi pakai delivery dine in pilih outlet mes,"['update', 'aplikasi', 'pakai', 'delivery', 'dine', 'in', 'pilih', 'outlet', 'mes']"
mantap,['mantap'],mantap,mantap,['mantap']
tiap di update lemot terus apknya,"['tiap', 'di', 'update', 'lemot', 'terus', 'apknya']",tiap di update lot terus apknya,tiap update lot terus apknya,"['tiap', 'update', 'lot', 'terus', 'apknya']"
aplikasi tidak bisa dipakai  kasusnya selalu sama langsung ngefreeze saat mau pesan delivery,"['aplikasi', 'tidak', 'bisa', 'dipakai', 'kasusnya', 'selalu', 'sama', 'langsung', 'ngefreeze', 'saat', 'mau', 'pesan', 'delivery']",aplikasi tidak bisa pakai kasus selalu sama langsung ngefreeze saat mau pesan delivery,aplikasi pakai kasus selalu langsung ngefreeze mau pesan delivery,"['aplikasi', 'pakai', 'kasus', 'selalu', 'langsung', 'ngefreeze', 'mau', 'pesan', 'delivery']"
bagian delivery buat pilih restonya tidak bisa diklik,"['bagian', 'delivery', 'buat', 'pilih', 'restonya', 'tidak', 'bisa', 'diklik']",bagi delivery buat pilih restonya tidak bisa klik,delivery pilih restonya klik,"['delivery', 'pilih', 'restonya', 'klik']"
pintar  juga ini aplikasi biar tidak bisa ambil reward nya crash bolak balik dan disuruh login berkalilicik benar ,"['pintar', 'juga', 'ini', 'aplikasi', 'biar', 'tidak', 'bisa', 'ambil', 'reward', 'nya', 'crash', 'bolak', 'balik', 'dan', 'disuruh', 'login', 'berkalilicik', 'benar']",pintar juga ini aplikasi biar tidak bisa ambil reward nya crash bolak balik dan suruh login berkalilicik benar,pintar aplikasi biar ambil reward crash bolak balik suruh login berkalilicik benar,"['pintar', 'aplikasi', 'biar', 'ambil', 'reward', 'crash', 'bolak', 'balik', 'suruh', 'login', 'berkalilicik', 'benar']"
habis di update jadi malah tidak bisa login,"['habis', 'di', 'update', 'jadi', 'malah', 'tidak', 'bisa', 'login']",habis di update jadi malah tidak bisa login,habis update malah login,"['habis', 'update', 'malah', 'login']"
saya baru download aplikasi ini mau daftar pengguna baru tapi loading lama sekali  sudah berkali di coba selalu error saya uninstall lagi saja ,"['saya', 'baru', 'download', 'aplikasi', 'ini', 'mau', 'daftar', 'pengguna', 'baru', 'tapi', 'loading', 'lama', 'sekali', 'sudah', 'berkali', 'di', 'coba', 'selalu', 'error', 'saya', 'uninstall', 'lagi', 'saja']",saya baru download aplikasi ini mau daftar guna baru tapi loading lama sekali sudah kali di coba selalu error saya uninstall lagi saja,baru download aplikasi mau daftar baru loading lama sekali kali coba selalu error uninstall,"['baru', 'download', 'aplikasi', 'mau', 'daftar', 'baru', 'loading', 'lama', 'sekali', 'kali', 'coba', 'selalu', 'error', 'uninstall']"
sering buglag tidak jelas sulit di akses,"['sering', 'buglag', 'tidak', 'jelas', 'sulit', 'di', 'akses']",sering buglag tidak jelas sulit di akses,sering buglag jelas sulit akses,"['sering', 'buglag', 'jelas', 'sulit', 'akses']"
pesanan delivery via aplikasi tidak merespon ngapain juga buat aplikasi kalau tidak fungsi aplikasi sampah,"['pesanan', 'delivery', 'via', 'aplikasi', 'tidak', 'merespon', 'ngapain', 'juga', 'buat', 'aplikasi', 'kalau', 'tidak', 'fungsi', 'aplikasi', 'sampah']",pesan delivery via aplikasi tidak merespon ngapain juga buat aplikasi kalau tidak fungsi aplikasi sampah,pesan delivery via aplikasi merespon ngapain aplikasi fungsi aplikasi sampah,"['pesan', 'delivery', 'via', 'aplikasi', 'merespon', 'ngapain', 'aplikasi', 'fungsi', 'aplikasi', 'sampah']"
barusan coba daftar pakai gmail ada notifikasi kode otp dikirim ke nomor saya padahal saya daftar pakai email saya coba daftar pakai nomor saya dengan email yang sama ditolak karena sudah register saya cek email tidak ada email apapun bagaimana ini update sekarang sudah bisa login setelah dibantu cs lewat email terima kasih banyak semuanya,"['barusan', 'coba', 'daftar', 'pakai', 'gmail', 'ada', 'notifikasi', 'kode', 'otp', 'dikirim', 'ke', 'nomor', 'saya', 'padahal', 'saya', 'daftar', 'pakai', 'email', 'saya', 'coba', 'daftar', 'pakai', 'nomor', 'saya', 'dengan', 'email', 'yang', 'sama', 'ditolak', 'karena', 'sudah', 'register', 'saya', 'cek', 'email', 'tidak', 'ada', 'email', 'apapun', 'bagaimana', 'ini', 'update', 'sekarang', 'sudah', 'bisa', 'login', 'setelah', 'dibantu', 'cs', 'lewat', 'email', 'terima', 'kasih', 'banyak', 'semuanya']",barusan coba daftar pakai gmail ada notifikasi kode otp kirim ke nomor saya padahal saya daftar pakai email saya coba daftar pakai nomor saya dengan email yang sama tolak karena sudah register saya cek email tidak ada email apa bagaimana ini update sekarang sudah bisa login telah bantu cs lewat email terima kasih banyak semua,barusan coba daftar pakai gmail notifikasi kode otp kirim nomor padahal daftar pakai email coba daftar pakai nomor email tolak register cek email email apa bagaimana update sekarang login bantu cs lewat email terima kasih banyak semua,"['barusan', 'coba', 'daftar', 'pakai', 'gmail', 'notifikasi', 'kode', 'otp', 'kirim', 'nomor', 'padahal', 'daftar', 'pakai', 'email', 'coba', 'daftar', 'pakai', 'nomor', 'email', 'tolak', 'register', 'cek', 'email', 'email', 'apa', 'bagaimana', 'update', 'sekarang', 'login', 'bantu', 'cs', 'lewat', 'email', 'terima', 'kasih', 'banyak', 'semua']"
banyak gratis nya,"['banyak', 'gratis', 'nya']",banyak gratis nya,banyak gratis,"['banyak', 'gratis']"
tidak bisa isi alamataneh,"['tidak', 'bisa', 'isi', 'alamataneh']",tidak bisa isi alamataneh,isi alamataneh,"['isi', 'alamataneh']"
baik,['baik'],baik,baik,['baik']
katanya dapat  gratis pizza pakai voucher tapi malah voucher nya tidak bisa dipakai,"['katanya', 'dapat', 'gratis', 'pizza', 'pakai', 'voucher', 'tapi', 'malah', 'voucher', 'nya', 'tidak', 'bisa', 'dipakai']",kata dapat gratis pizza pakai voucher tapi malah voucher nya tidak bisa pakai,kata gratis pizza pakai voucher malah voucher pakai,"['kata', 'gratis', 'pizza', 'pakai', 'voucher', 'malah', 'voucher', 'pakai']"
interface aplikasi nya tidak terlalu sesuai buat android kadang server suka lag dan error segala macam contoh mau scan barcode ada tulisan jaraknya harus kurang dari update interface masih tidak sesuai tapi bug bug yang ada sebelumnya sudah diperbaiki mantap,"['interface', 'aplikasi', 'nya', 'tidak', 'terlalu', 'sesuai', 'buat', 'android', 'kadang', 'server', 'suka', 'lag', 'dan', 'error', 'segala', 'macam', 'contoh', 'mau', 'scan', 'barcode', 'ada', 'tulisan', 'jaraknya', 'harus', 'kurang', 'dari', 'update', 'interface', 'masih', 'tidak', 'sesuai', 'tapi', 'bug', 'bug', 'yang', 'ada', 'sebelumnya', 'sudah', 'diperbaiki', 'mantap']",interface aplikasi nya tidak terlalu sesuai buat android kadang server suka lag dan error segala macam contoh mau scan barcode ada tulis jarak harus kurang dari update interface masih tidak sesuai tapi bug bug yang ada belum sudah baik mantap,interface aplikasi terlalu sesuai android server suka lag error segala macam contoh mau scan barcode tulis jarak kurang update interface sesuai bug bug baik mantap,"['interface', 'aplikasi', 'terlalu', 'sesuai', 'android', 'server', 'suka', 'lag', 'error', 'segala', 'macam', 'contoh', 'mau', 'scan', 'barcode', 'tulis', 'jarak', 'kurang', 'update', 'interface', 'sesuai', 'bug', 'bug', 'baik', 'mantap']"
suka,['suka'],suka,suka,['suka']
saya suka makan disini,"['saya', 'suka', 'makan', 'disini']",saya suka makan sini,suka makan sini,"['suka', 'makan', 'sini']"
lebih mudah pesan  lewat aplikasi ke pizza hut tinggal ambil saja ,"['lebih', 'mudah', 'pesan', 'lewat', 'aplikasi', 'ke', 'pizza', 'hut', 'tinggal', 'ambil', 'saja']",lebih mudah pesan lewat aplikasi ke pizza hut tinggal ambil saja,lebih mudah pesan lewat aplikasi pizza hut tinggal ambil,"['lebih', 'mudah', 'pesan', 'lewat', 'aplikasi', 'pizza', 'hut', 'tinggal', 'ambil']"
mbak pizza saya ganti nomor sekarang gegara saya ganti nomor saya  tidak  bisa log in karena otp hanya dikirim ke saya apakah bisa otp dikirim ke email apakah bisa saya merubah nomor hp mohon aplikasinya di kembangkan,"['mbak', 'pizza', 'saya', 'ganti', 'nomor', 'sekarang', 'gegara', 'saya', 'ganti', 'nomor', 'saya', 'tidak', 'bisa', 'log', 'in', 'karena', 'otp', 'hanya', 'dikirim', 'ke', 'saya', 'apakah', 'bisa', 'otp', 'dikirim', 'ke', 'email', 'apakah', 'bisa', 'saya', 'merubah', 'nomor', 'hp', 'mohon', 'aplikasinya', 'di', 'kembangkan']",mbak pizza saya ganti nomor sekarang gegara saya ganti nomor saya tidak bisa log in karena otp hanya kirim ke saya apakah bisa otp kirim ke email apakah bisa saya rubah nomor hp mohon aplikasi di kembang,mbak pizza ganti nomor sekarang gegara ganti nomor log in otp kirim otp kirim email rubah nomor hp mohon aplikasi kembang,"['mbak', 'pizza', 'ganti', 'nomor', 'sekarang', 'gegara', 'ganti', 'nomor', 'log', 'in', 'otp', 'kirim', 'otp', 'kirim', 'email', 'rubah', 'nomor', 'hp', 'mohon', 'aplikasi', 'kembang']"
diaplikasi bisa pesan delivery setelah sukses transaksi beberapa menit kemudian di telepon  tidak bisa diantar karena jarak mohon maaf uninstall dulu,"['diaplikasi', 'bisa', 'pesan', 'delivery', 'setelah', 'sukses', 'transaksi', 'beberapa', 'menit', 'kemudian', 'di', 'telepon', 'tidak', 'bisa', 'diantar', 'karena', 'jarak', 'mohon', 'maaf', 'uninstall', 'dulu']",aplikasi bisa pesan delivery telah sukses transaksi beberapa menit kemudian di telepon tidak bisa antar karena jarak mohon maaf uninstall dulu,aplikasi pesan delivery sukses transaksi beberapa menit kemudian telepon antar jarak mohon maaf uninstall dulu,"['aplikasi', 'pesan', 'delivery', 'sukses', 'transaksi', 'beberapa', 'menit', 'kemudian', 'telepon', 'antar', 'jarak', 'mohon', 'maaf', 'uninstall', 'dulu']"
aplikasi baru not friendly saved address todak berhasil mohon perbaiki,"['aplikasi', 'baru', 'not', 'friendly', 'saved', 'address', 'todak', 'berhasil', 'mohon', 'perbaiki']",aplikasi baru not friendly saved address todak hasil mohon baik,aplikasi baru not friendly saved address todak hasil mohon baik,"['aplikasi', 'baru', 'not', 'friendly', 'saved', 'address', 'todak', 'hasil', 'mohon', 'baik']"
aplikasi nya ngelag saat mau login,"['aplikasi', 'nya', 'ngelag', 'saat', 'mau', 'login']",aplikasi nya ngelag saat mau login,aplikasi ngelag mau login,"['aplikasi', 'ngelag', 'mau', 'login']"
tidak ngirim otp nih dicoba puluhan kali tidak bisa login pakai  email ngirim otp malah lewat saya kocak,"['tidak', 'ngirim', 'otp', 'nih', 'dicoba', 'puluhan', 'kali', 'tidak', 'bisa', 'login', 'pakai', 'email', 'ngirim', 'otp', 'malah', 'lewat', 'saya', 'kocak']",tidak ngirim otp nih coba puluh kali tidak bisa login pakai email ngirim otp malah lewat saya kocak,ngirim otp coba puluh kali login pakai email ngirim otp malah lewat kocak,"['ngirim', 'otp', 'coba', 'puluh', 'kali', 'login', 'pakai', 'email', 'ngirim', 'otp', 'malah', 'lewat', 'kocak']"
tidak bisa log inkode otp tidak masuk k saya,"['tidak', 'bisa', 'log', 'inkode', 'otp', 'tidak', 'masuk', 'k', 'saya']",tidak bisa log inkode otp tidak masuk k saya,log inkode otp masuk k,"['log', 'inkode', 'otp', 'masuk', 'k']"
taste pizza nya selalu juara dihati,"['taste', 'pizza', 'nya', 'selalu', 'juara', 'dihati']",taste pizza nya selalu juara hati,taste pizza selalu juara hati,"['taste', 'pizza', 'selalu', 'juara', 'hati']"
daftar saja  tak bisa apalagi mau pesan  agak kebuang kalau  gini jadinya,"['daftar', 'saja', 'tak', 'bisa', 'apalagi', 'mau', 'pesan', 'agak', 'kebuang', 'kalau', 'gini', 'jadinya']",daftar saja tak bisa apalagi mau pesan agak buang kalau gin jadi,daftar tak mau pesan buang gin,"['daftar', 'tak', 'mau', 'pesan', 'buang', 'gin']"
terimakasih,['terimakasih'],terimakasih,terimakasih,['terimakasih']
cari  harga menunya membingungkan tidak  kaya dominos pilih  menu semua langsung tertera harganya yang  gaptek ky saya  sungguh ribet dan membingungkan,"['cari', 'harga', 'menunya', 'membingungkan', 'tidak', 'kaya', 'dominos', 'pilih', 'menu', 'semua', 'langsung', 'tertera', 'harganya', 'yang', 'gaptek', 'ky', 'saya', 'sungguh', 'ribet', 'dan', 'membingungkan']",cari harga menu bingung tidak kaya dominos pilih menu semua langsung tera harga yang gaptek ky saya sungguh ribet dan bingung,cari harga menu bingung kaya dominos pilih menu semua langsung tera harga gaptek ky sungguh ribet bingung,"['cari', 'harga', 'menu', 'bingung', 'kaya', 'dominos', 'pilih', 'menu', 'semua', 'langsung', 'tera', 'harga', 'gaptek', 'ky', 'sungguh', 'ribet', 'bingung']"
pelayanan fieldtrip untuk anak anak sangat bagus pizza harapan indah bekasi,"['pelayanan', 'fieldtrip', 'untuk', 'anak', 'anak', 'sangat', 'bagus', 'pizza', 'harapan', 'indah', 'bekasi']",layan fieldtrip untuk anak anak sangat bagus pizza harap indah bekas,layan fieldtrip anak anak sangat bagus pizza harap indah bekas,"['layan', 'fieldtrip', 'anak', 'anak', 'sangat', 'bagus', 'pizza', 'harap', 'indah', 'bekas']"
pertama susah mengakses lokasi terdekat kedua aplikasi loading lama ketiga juga pelayanan ribet keempat kembalikan aplikasi mudah seperti dulu,"['pertama', 'susah', 'mengakses', 'lokasi', 'terdekat', 'kedua', 'aplikasi', 'loading', 'lama', 'ketiga', 'juga', 'pelayanan', 'ribet', 'keempat', 'kembalikan', 'aplikasi', 'mudah', 'seperti', 'dulu']",pertama susah akses lokasi dekat dua aplikasi loading lama tiga juga layan ribet empat kembali aplikasi mudah seperti dulu,pertama susah akses lokasi dekat aplikasi loading lama tiga layan ribet empat aplikasi mudah dulu,"['pertama', 'susah', 'akses', 'lokasi', 'dekat', 'aplikasi', 'loading', 'lama', 'tiga', 'layan', 'ribet', 'empat', 'aplikasi', 'mudah', 'dulu']"
aplikasi nya bagus saja cuma sekarang kok tidak ada dikasih saus mayonaise nya ya dulu ada dikasih saus mayonaise apakah harus request baru dikasih sausnya,"['aplikasi', 'nya', 'bagus', 'saja', 'cuma', 'sekarang', 'kok', 'tidak', 'ada', 'dikasih', 'saus', 'mayonaise', 'nya', 'ya', 'dulu', 'ada', 'dikasih', 'saus', 'mayonaise', 'apakah', 'harus', 'request', 'baru', 'dikasih', 'sausnya']",aplikasi nya bagus saja cuma sekarang kok tidak ada kasih saus mayonaise nya ya dulu ada kasih saus mayonaise apakah harus request baru kasih saus,aplikasi bagus sekarang kok kasih saus mayonaise dulu kasih saus mayonaise request baru kasih saus,"['aplikasi', 'bagus', 'sekarang', 'kok', 'kasih', 'saus', 'mayonaise', 'dulu', 'kasih', 'saus', 'mayonaise', 'request', 'baru', 'kasih', 'saus']"
bagus gampang untuk pesanan dine in ataupun takeaway,"['bagus', 'gampang', 'untuk', 'pesanan', 'dine', 'in', 'ataupun', 'takeaway']",bagus gampang untuk pesan dine in atau takeaway,bagus gampang pesan dine in takeaway,"['bagus', 'gampang', 'pesan', 'dine', 'in', 'takeaway']"
ada yang  mencoba pakai  data saya di aplikasi ini sunggu saya tidak iklhas jika ada yang  mengatas nama kan ana amelia ku pastikan kalian masuk penjara,"['ada', 'yang', 'mencoba', 'pakai', 'data', 'saya', 'di', 'aplikasi', 'ini', 'sunggu', 'saya', 'tidak', 'iklhas', 'jika', 'ada', 'yang', 'mengatas', 'nama', 'kan', 'ana', 'amelia', 'ku', 'pastikan', 'kalian', 'masuk', 'penjara']",ada yang coba pakai data saya di aplikasi ini sunggu saya tidak iklhas jika ada yang atas nama kan ana amelia ku pasti kalian masuk penjara,coba pakai data aplikasi sunggu iklhas atas nama kan ana amelia ku kalian masuk penjara,"['coba', 'pakai', 'data', 'aplikasi', 'sunggu', 'iklhas', 'atas', 'nama', 'kan', 'ana', 'amelia', 'ku', 'kalian', 'masuk', 'penjara']"
apikasinya bikin pusing buat pengguna baru,"['apikasinya', 'bikin', 'pusing', 'buat', 'pengguna', 'baru']",apikasinya bikin pusing buat guna baru,apikasinya bikin pusing baru,"['apikasinya', 'bikin', 'pusing', 'baru']"
pas mau pilih outlet tidak bisa diklik terus delivery sudah login di beberapa device tetap sama,"['pas', 'mau', 'pilih', 'outlet', 'tidak', 'bisa', 'diklik', 'terus', 'delivery', 'sudah', 'login', 'di', 'beberapa', 'device', 'tetap', 'sama']",pas mau pilih outlet tidak bisa klik terus delivery sudah login di beberapa device tetap sama,pas mau pilih outlet klik terus delivery login beberapa device tetap,"['pas', 'mau', 'pilih', 'outlet', 'klik', 'terus', 'delivery', 'login', 'beberapa', 'device', 'tetap']"
sudah kasih masuk alamat pas selesai pembayaran malah alamatnya ilang bikin susah saja  jadinya harus ambil sendiri di outletnya hadeuh,"['sudah', 'kasih', 'masuk', 'alamat', 'pas', 'selesai', 'pembayaran', 'malah', 'alamatnya', 'ilang', 'bikin', 'susah', 'saja', 'jadinya', 'harus', 'ambil', 'sendiri', 'di', 'outletnya', 'hadeuh']",sudah kasih masuk alamat pas selesai bayar malah alamat ilang bikin susah saja jadi harus ambil sendiri di outletnya hadeuh,kasih masuk alamat pas selesai bayar malah alamat ilang bikin susah ambil sendiri outletnya hadeuh,"['kasih', 'masuk', 'alamat', 'pas', 'selesai', 'bayar', 'malah', 'alamat', 'ilang', 'bikin', 'susah', 'ambil', 'sendiri', 'outletnya', 'hadeuh']"
mantap puolllll,"['mantap', 'puolllll']",mantap puolllll,mantap puolllll,"['mantap', 'puolllll']"
tolong kasih fitur tips untuk deliveree saya bingung kalau tidak ada cash,"['tolong', 'kasih', 'fitur', 'tips', 'untuk', 'deliveree', 'saya', 'bingung', 'kalau', 'tidak', 'ada', 'cash']",tolong kasih fitur tips untuk deliveree saya bingung kalau tidak ada cash,kasih fitur tips deliveree bingung cash,"['kasih', 'fitur', 'tips', 'deliveree', 'bingung', 'cash']"
suka sekali ada chat saya customer service pusat yang  uptodatejd saat ada outlet yang  nakal tidak sesuai kwalitas pizza nya bisa langsung komplen dan langsung di tindak,"['suka', 'sekali', 'ada', 'chat', 'saya', 'customer', 'service', 'pusat', 'yang', 'uptodatejd', 'saat', 'ada', 'outlet', 'yang', 'nakal', 'tidak', 'sesuai', 'kwalitas', 'pizza', 'nya', 'bisa', 'langsung', 'komplen', 'dan', 'langsung', 'di', 'tindak']",suka sekali ada chat saya customer service pusat yang uptodatejd saat ada outlet yang nakal tidak sesuai kwalitas pizza nya bisa langsung komplen dan langsung di tindak,suka sekali chat customer service pusat uptodatejd outlet nakal sesuai kwalitas pizza langsung komplen langsung tindak,"['suka', 'sekali', 'chat', 'customer', 'service', 'pusat', 'uptodatejd', 'outlet', 'nakal', 'sesuai', 'kwalitas', 'pizza', 'langsung', 'komplen', 'langsung', 'tindak']"
tidak bisa masuk aplikasinya,"['tidak', 'bisa', 'masuk', 'aplikasinya']",tidak bisa masuk aplikasi,masuk aplikasi,"['masuk', 'aplikasi']"
tidak bisa login otp nya tidak terkirim terkirim,"['tidak', 'bisa', 'login', 'otp', 'nya', 'tidak', 'terkirim', 'terkirim']",tidak bisa login otp nya tidak kirim kirim,login otp kirim kirim,"['login', 'otp', 'kirim', 'kirim']"
masih banyak bug yang harus diperbaiki min,"['masih', 'banyak', 'bug', 'yang', 'harus', 'diperbaiki', 'min']",masih banyak bug yang harus baik min,banyak bug baik min,"['banyak', 'bug', 'baik', 'min']"
pelayanannya baguss sangat  untuk aplikasinya mudah digunakan jadi lebih untung bisa nuker slice buat beli produk lagiii,"['pelayanannya', 'baguss', 'sangat', 'untuk', 'aplikasinya', 'mudah', 'digunakan', 'jadi', 'lebih', 'untung', 'bisa', 'nuker', 'slice', 'buat', 'beli', 'produk', 'lagiii']",layan baguss sangat untuk aplikasi mudah guna jadi lebih untung bisa nuker slice buat beli produk lagiii,layan baguss sangat aplikasi mudah lebih untung nuker slice beli produk lagiii,"['layan', 'baguss', 'sangat', 'aplikasi', 'mudah', 'lebih', 'untung', 'nuker', 'slice', 'beli', 'produk', 'lagiii']"
aplikasinya jelek sangat  yang terbaru ini masa tidak bisa login dan tidak bisa kirim otp dulu sebelum update baik baik saja  dan tidak pernah force closed sendiri perbaiki lagi dong,"['aplikasinya', 'jelek', 'sangat', 'yang', 'terbaru', 'ini', 'masa', 'tidak', 'bisa', 'login', 'dan', 'tidak', 'bisa', 'kirim', 'otp', 'dulu', 'sebelum', 'update', 'baik', 'baik', 'saja', 'dan', 'tidak', 'pernah', 'force', 'closed', 'sendiri', 'perbaiki', 'lagi', 'dong']",aplikasi jelek sangat yang baru ini masa tidak bisa login dan tidak bisa kirim otp dulu belum update baik baik saja dan tidak pernah force closed sendiri baik lagi dong,aplikasi jelek sangat baru masa login kirim otp dulu update baik baik pernah force closed sendiri baik dong,"['aplikasi', 'jelek', 'sangat', 'baru', 'masa', 'login', 'kirim', 'otp', 'dulu', 'update', 'baik', 'baik', 'pernah', 'force', 'closed', 'sendiri', 'baik', 'dong']"
sangat membantu,"['sangat', 'membantu']",sangat bantu,sangat bantu,"['sangat', 'bantu']"
pizza hut sangat bagus dan baik dalam pelayanannya dan sajiannya,"['pizza', 'hut', 'sangat', 'bagus', 'dan', 'baik', 'dalam', 'pelayanannya', 'dan', 'sajiannya']",pizza hut sangat bagus dan baik dalam layan dan saji,pizza hut sangat bagus baik layan saji,"['pizza', 'hut', 'sangat', 'bagus', 'baik', 'layan', 'saji']"
bagus banyak bonusnya,"['bagus', 'banyak', 'bonusnya']",bagus banyak bonus,bagus banyak bonus,"['bagus', 'banyak', 'bonus']"
staff ramahpizza nya enaksalad nya juga enaknext pasti pesanan lagi,"['staff', 'ramahpizza', 'nya', 'enaksalad', 'nya', 'juga', 'enaknext', 'pasti', 'pesanan', 'lagi']",staff ramahpizza nya enaksalad nya juga enaknext pasti pesan lagi,staff ramahpizza enaksalad enaknext pesan,"['staff', 'ramahpizza', 'enaksalad', 'enaknext', 'pesan']"
terbaik untuk  selamanya keren dapat  gratis limo pizza gess dari  phd terima kasih promonya,"['terbaik', 'untuk', 'selamanya', 'keren', 'dapat', 'gratis', 'limo', 'pizza', 'gess', 'dari', 'phd', 'terima', 'kasih', 'promonya']",baik untuk lama keren dapat gratis limo pizza gess dari phd terima kasih promonya,baik lama keren gratis limo pizza gess phd terima kasih promonya,"['baik', 'lama', 'keren', 'gratis', 'limo', 'pizza', 'gess', 'phd', 'terima', 'kasih', 'promonya']"
enak sangat ,"['enak', 'sangat']",enak sangat,enak sangat,"['enak', 'sangat']"
good,['good'],good,good,['good']
sulit sekali  pesanan deliverynya,"['sulit', 'sekali', 'pesanan', 'deliverynya']",sulit sekali pesan deliverynya,sulit sekali pesan deliverynya,"['sulit', 'sekali', 'pesan', 'deliverynya']"
keju nya meleleh,"['keju', 'nya', 'meleleh']",keju nya leleh,keju leleh,"['keju', 'leleh']"
tidak bisa login kode otp tidak terkirim nomor yang saya daftarkan dulu tidak ada whats aplikasi coba developer jangan kirim kode otp via saya kasih opsi via e mail atau sms,"['tidak', 'bisa', 'login', 'kode', 'otp', 'tidak', 'terkirim', 'nomor', 'yang', 'saya', 'daftarkan', 'dulu', 'tidak', 'ada', 'whats', 'aplikasi', 'coba', 'developer', 'jangan', 'kirim', 'kode', 'otp', 'via', 'saya', 'kasih', 'opsi', 'via', 'e', 'mail', 'atau', 'sms']",tidak bisa login kode otp tidak kirim nomor yang saya daftar dulu tidak ada whats aplikasi coba developer jangan kirim kode otp via saya kasih opsi via e mail atau sms,login kode otp kirim nomor daftar dulu whats aplikasi coba developer jangan kirim kode otp via kasih opsi via e mail sms,"['login', 'kode', 'otp', 'kirim', 'nomor', 'daftar', 'dulu', 'whats', 'aplikasi', 'coba', 'developer', 'jangan', 'kirim', 'kode', 'otp', 'via', 'kasih', 'opsi', 'via', 'e', 'mail', 'sms']"
pelayanan cepat spg ramah khusus cabang cempaka putih banyak geratisannya semoga  jaya selalu,"['pelayanan', 'cepat', 'spg', 'ramah', 'khusus', 'cabang', 'cempaka', 'putih', 'banyak', 'geratisannya', 'semoga', 'jaya', 'selalu']",layan cepat spg ramah khusus cabang cempaka putih banyak geratisannya moga jaya selalu,layan cepat spg ramah khusus cabang cempaka putih banyak geratisannya moga jaya selalu,"['layan', 'cepat', 'spg', 'ramah', 'khusus', 'cabang', 'cempaka', 'putih', 'banyak', 'geratisannya', 'moga', 'jaya', 'selalu']"
aneh saya  lagi mau pesan tapi kok applikasi tidak bisa berjalan entah bug atau apaa menyebalkan sudah memilih menu makanan saat mau bayar ada kendala tidak tersambung,"['aneh', 'saya', 'lagi', 'mau', 'pesan', 'tapi', 'kok', 'applikasi', 'tidak', 'bisa', 'berjalan', 'entah', 'bug', 'atau', 'apaa', 'menyebalkan', 'sudah', 'memilih', 'menu', 'makanan', 'saat', 'mau', 'bayar', 'ada', 'kendala', 'tidak', 'tersambung']",aneh saya lagi mau pesan tapi kok applikasi tidak bisa jalan entah bug atau apaa sebal sudah pilih menu makan saat mau bayar ada kendala tidak sambung,aneh mau pesan kok applikasi jalan entah bug apaa sebal pilih menu makan mau bayar kendala sambung,"['aneh', 'mau', 'pesan', 'kok', 'applikasi', 'jalan', 'entah', 'bug', 'apaa', 'sebal', 'pilih', 'menu', 'makan', 'mau', 'bayar', 'kendala', 'sambung']"
susah loginnya lagi,"['susah', 'loginnya', 'lagi']",susah loginnya lagi,susah loginnya,"['susah', 'loginnya']"
enak kali makan di pizza,"['enak', 'kali', 'makan', 'di', 'pizza']",enak kali makan di pizza,enak kali makan pizza,"['enak', 'kali', 'makan', 'pizza']"
enakkkm,['enakkkm'],enakkkm,enakkkm,['enakkkm']
suka keluar sendiri dan mau login otpnya tidak masuk aplikasinya mempersulit customer,"['suka', 'keluar', 'sendiri', 'dan', 'mau', 'login', 'otpnya', 'tidak', 'masuk', 'aplikasinya', 'mempersulit', 'customer']",suka keluar sendiri dan mau login otpnya tidak masuk aplikasi sulit customer,suka keluar sendiri mau login otpnya masuk aplikasi sulit customer,"['suka', 'keluar', 'sendiri', 'mau', 'login', 'otpnya', 'masuk', 'aplikasi', 'sulit', 'customer']"
ini aplikasi bisa ganti bahasa indonesia tidak si,"['ini', 'aplikasi', 'bisa', 'ganti', 'bahasa', 'indonesia', 'tidak', 'si']",ini aplikasi bisa ganti bahasa indonesia tidak si,aplikasi ganti bahasa indonesia si,"['aplikasi', 'ganti', 'bahasa', 'indonesia', 'si']"
sangat membantu drivernya juga selalu ready,"['sangat', 'membantu', 'drivernya', 'juga', 'selalu', 'ready']",sangat bantu drivernya juga selalu ready,sangat bantu drivernya selalu ready,"['sangat', 'bantu', 'drivernya', 'selalu', 'ready']"
baik sekali,"['baik', 'sekali']",baik sekali,baik sekali,"['baik', 'sekali']"
kenapa di aplikasi beberapa  bulan  terakhir sudah tidak bisa dapat poin otomatis dari  pembelian takeawaykterangannya tunjukan no hp ke cs pada saat dine in,"['kenapa', 'di', 'aplikasi', 'beberapa', 'bulan', 'terakhir', 'sudah', 'tidak', 'bisa', 'dapat', 'poin', 'otomatis', 'dari', 'pembelian', 'takeawaykterangannya', 'tunjukan', 'no', 'hp', 'ke', 'cs', 'pada', 'saat', 'dine', 'in']",kenapa di aplikasi beberapa bulan akhir sudah tidak bisa dapat poin otomatis dari beli takeawaykterangannya tunjuk no hp ke cs pada saat dine in,aplikasi beberapa bulan akhir poin otomatis beli takeawaykterangannya tunjuk hp cs dine in,"['aplikasi', 'beberapa', 'bulan', 'akhir', 'poin', 'otomatis', 'beli', 'takeawaykterangannya', 'tunjuk', 'hp', 'cs', 'dine', 'in']"
pasti kalau acara kumpul makan baik dengan  keluarga atau teman pasti yang  muncul pertama ya pizza hut makanan nya enak tempat nya nyaman apalagi pelayanan nya ughh best sangat  di banding yang  lain makanya pasti balik lagi  dari masih sekolah sampeee sekarang  punya anak dua pizza hut selalu di hati membersamai kami sukses,"['pasti', 'kalau', 'acara', 'kumpul', 'makan', 'baik', 'dengan', 'keluarga', 'atau', 'teman', 'pasti', 'yang', 'muncul', 'pertama', 'ya', 'pizza', 'hut', 'makanan', 'nya', 'enak', 'tempat', 'nya', 'nyaman', 'apalagi', 'pelayanan', 'nya', 'ughh', 'best', 'sangat', 'di', 'banding', 'yang', 'lain', 'makanya', 'pasti', 'balik', 'lagi', 'dari', 'masih', 'sekolah', 'sampeee', 'sekarang', 'punya', 'anak', 'dua', 'pizza', 'hut', 'selalu', 'di', 'hati', 'membersamai', 'kami', 'sukses']",pasti kalau acara kumpul makan baik dengan keluarga atau teman pasti yang muncul pertama ya pizza hut makan nya enak tempat nya nyaman apalagi layan nya ughh best sangat di banding yang lain makanya pasti balik lagi dari masih sekolah sampeee sekarang punya anak dua pizza hut selalu di hati sama kami sukses,acara kumpul makan baik keluarga teman muncul pertama pizza hut makan enak tempat nyaman layan ughh best sangat banding makanya balik sekolah sampeee sekarang punya anak pizza hut selalu hati sukses,"['acara', 'kumpul', 'makan', 'baik', 'keluarga', 'teman', 'muncul', 'pertama', 'pizza', 'hut', 'makan', 'enak', 'tempat', 'nyaman', 'layan', 'ughh', 'best', 'sangat', 'banding', 'makanya', 'balik', 'sekolah', 'sampeee', 'sekarang', 'punya', 'anak', 'pizza', 'hut', 'selalu', 'hati', 'sukses']"
fitur delivery kenapa tidak bisa,"['fitur', 'delivery', 'kenapa', 'tidak', 'bisa']",fitur delivery kenapa tidak bisa,fitur delivery,"['fitur', 'delivery']"
memesan di aplikasi pelayanan sering terlambat bahkan pesanan baru di buat saat jam pengambilan takeaway kejadian sudah terjadi berturut turut,"['memesan', 'di', 'aplikasi', 'pelayanan', 'sering', 'terlambat', 'bahkan', 'pesanan', 'baru', 'di', 'buat', 'saat', 'jam', 'pengambilan', 'takeaway', 'kejadian', 'sudah', 'terjadi', 'berturut', 'turut']",mes di aplikasi layan sering lambat bahkan pesan baru di buat saat jam ambil takeaway jadi sudah jadi turut turut,mes aplikasi layan sering lambat bahkan pesan baru jam ambil takeaway turut turut,"['mes', 'aplikasi', 'layan', 'sering', 'lambat', 'bahkan', 'pesan', 'baru', 'jam', 'ambil', 'takeaway', 'turut', 'turut']"
aplikasi cacat banyak  ngelag,"['aplikasi', 'cacat', 'banyak', 'ngelag']",aplikasi cacat banyak ngelag,aplikasi cacat banyak ngelag,"['aplikasi', 'cacat', 'banyak', 'ngelag']"
ribet,['ribet'],ribet,ribet,['ribet']
saya pesan pizza limo lalu sebelum saya konfir saya di arahkan untuk memilih pizza gratis add to cart kalau tidak di add tidak bisa konfirmasi tapi  tidak datang  bonus nya dari tempat ph d nya tidak bermasalah yang  masalah nya adalah sistem sistem tidak menerima data yang saya berikan,"['saya', 'pesan', 'pizza', 'limo', 'lalu', 'sebelum', 'saya', 'konfir', 'saya', 'di', 'arahkan', 'untuk', 'memilih', 'pizza', 'gratis', 'add', 'to', 'cart', 'kalau', 'tidak', 'di', 'add', 'tidak', 'bisa', 'konfirmasi', 'tapi', 'tidak', 'datang', 'bonus', 'nya', 'dari', 'tempat', 'ph', 'd', 'nya', 'tidak', 'bermasalah', 'yang', 'masalah', 'nya', 'adalah', 'sistem', 'sistem', 'tidak', 'menerima', 'data', 'yang', 'saya', 'berikan']",saya pesan pizza limo lalu belum saya konfir saya di arah untuk pilih pizza gratis add to cart kalau tidak di add tidak bisa konfirmasi tapi tidak datang bonus nya dari tempat ph d nya tidak masalah yang masalah nya adalah sistem sistem tidak terima data yang saya ikan,pesan pizza limo lalu konfir arah pilih pizza gratis add to cart add konfirmasi datang bonus tempat ph d masalah masalah sistem sistem terima data ikan,"['pesan', 'pizza', 'limo', 'lalu', 'konfir', 'arah', 'pilih', 'pizza', 'gratis', 'add', 'to', 'cart', 'add', 'konfirmasi', 'datang', 'bonus', 'tempat', 'ph', 'd', 'masalah', 'masalah', 'sistem', 'sistem', 'terima', 'data', 'ikan']"
saat mau delivery tidak bisa pilih lokasi tolong perbaiki,"['saat', 'mau', 'delivery', 'tidak', 'bisa', 'pilih', 'lokasi', 'tolong', 'perbaiki']",saat mau delivery tidak bisa pilih lokasi tolong baik,mau delivery pilih lokasi baik,"['mau', 'delivery', 'pilih', 'lokasi', 'baik']"
cara pesan sangat mudah dan praktis,"['cara', 'pesan', 'sangat', 'mudah', 'dan', 'praktis']",cara pesan sangat mudah dan praktis,cara pesan sangat mudah praktis,"['cara', 'pesan', 'sangat', 'mudah', 'praktis']"
mau daftar kok sulit sekali  pakai  no hp tidak bisa pakai  email tidak bisa ini niat tidak sih garap aplikasinya ini,"['mau', 'daftar', 'kok', 'sulit', 'sekali', 'pakai', 'no', 'hp', 'tidak', 'bisa', 'pakai', 'email', 'tidak', 'bisa', 'ini', 'niat', 'tidak', 'sih', 'garap', 'aplikasinya', 'ini']",mau daftar kok sulit sekali pakai no hp tidak bisa pakai email tidak bisa ini niat tidak sih garap aplikasi ini,mau daftar kok sulit sekali pakai hp pakai email niat sih garap aplikasi,"['mau', 'daftar', 'kok', 'sulit', 'sekali', 'pakai', 'hp', 'pakai', 'email', 'niat', 'sih', 'garap', 'aplikasi']"
disuruh update aplikasi setelah diupdate malah aplikasi tidak bisa dipakai saat klik dine in dan diminta scan aplikasi error terus sudah dicoba di hp berbeda tetap sama error jadi tidak bisa dipakai point slice dan vouchernya yang  ada diaplikasi saya sebelumnya,"['disuruh', 'update', 'aplikasi', 'setelah', 'diupdate', 'malah', 'aplikasi', 'tidak', 'bisa', 'dipakai', 'saat', 'klik', 'dine', 'in', 'dan', 'diminta', 'scan', 'aplikasi', 'error', 'terus', 'sudah', 'dicoba', 'di', 'hp', 'berbeda', 'tetap', 'sama', 'error', 'jadi', 'tidak', 'bisa', 'dipakai', 'point', 'slice', 'dan', 'vouchernya', 'yang', 'ada', 'diaplikasi', 'saya', 'sebelumnya']",suruh update aplikasi telah diupdate malah aplikasi tidak bisa pakai saat klik dine in dan minta scan aplikasi error terus sudah coba di hp beda tetap sama error jadi tidak bisa pakai point slice dan vouchernya yang ada aplikasi saya belum,suruh update aplikasi diupdate malah aplikasi pakai klik dine in minta scan aplikasi error terus coba hp beda tetap error pakai point slice vouchernya aplikasi,"['suruh', 'update', 'aplikasi', 'diupdate', 'malah', 'aplikasi', 'pakai', 'klik', 'dine', 'in', 'minta', 'scan', 'aplikasi', 'error', 'terus', 'coba', 'hp', 'beda', 'tetap', 'error', 'pakai', 'point', 'slice', 'vouchernya', 'aplikasi']"
lumayan perlu ditingkatkan lagi masalah mapsnya karena drivernya tidak bisa melihat secara detail alamat saya,"['lumayan', 'perlu', 'ditingkatkan', 'lagi', 'masalah', 'mapsnya', 'karena', 'drivernya', 'tidak', 'bisa', 'melihat', 'secara', 'detail', 'alamat', 'saya']",lumayan perlu tingkat lagi masalah mapsnya karena drivernya tidak bisa lihat cara detail alamat saya,lumayan perlu tingkat masalah mapsnya drivernya lihat cara detail alamat,"['lumayan', 'perlu', 'tingkat', 'masalah', 'mapsnya', 'drivernya', 'lihat', 'cara', 'detail', 'alamat']"
tempat kumpul pavorite keluarga recommended sekali  sudah makanannya enak banyak macemnya pelanyanan nya ramah pokoknya oke bangettt,"['tempat', 'kumpul', 'pavorite', 'keluarga', 'recommended', 'sekali', 'sudah', 'makanannya', 'enak', 'banyak', 'macemnya', 'pelanyanan', 'nya', 'ramah', 'pokoknya', 'oke', 'bangettt']",tempat kumpul pavorite keluarga recommended sekali sudah makan enak banyak macemnya pelanyanan nya ramah pokok oke bangettt,tempat kumpul pavorite keluarga recommended sekali makan enak banyak macemnya pelanyanan ramah pokok oke bangettt,"['tempat', 'kumpul', 'pavorite', 'keluarga', 'recommended', 'sekali', 'makan', 'enak', 'banyak', 'macemnya', 'pelanyanan', 'ramah', 'pokok', 'oke', 'bangettt']"
lambat sekali sistemnya mau pesan makan ada menit berputar di menu log in,"['lambat', 'sekali', 'sistemnya', 'mau', 'pesan', 'makan', 'ada', 'menit', 'berputar', 'di', 'menu', 'log', 'in']",lambat sekali sistem mau pesan makan ada menit putar di menu log in,lambat sekali sistem mau pesan makan menit putar menu log in,"['lambat', 'sekali', 'sistem', 'mau', 'pesan', 'makan', 'menit', 'putar', 'menu', 'log', 'in']"
keren,['keren'],keren,keren,['keren']
tolong ini kenapa tidak bisa login ya saya sudah punya akun sendiri hanya dulu uninstall pindah ke dominos wkwkwkwkwkwkwk sekarang coba login kesini kok tidak bisa ya disuruh hubungi cs segala ribet sekali  cuih bagusan dominos simple,"['tolong', 'ini', 'kenapa', 'tidak', 'bisa', 'login', 'ya', 'saya', 'sudah', 'punya', 'akun', 'sendiri', 'hanya', 'dulu', 'uninstall', 'pindah', 'ke', 'dominos', 'wkwkwkwkwkwkwk', 'sekarang', 'coba', 'login', 'kesini', 'kok', 'tidak', 'bisa', 'ya', 'disuruh', 'hubungi', 'cs', 'segala', 'ribet', 'sekali', 'cuih', 'bagusan', 'dominos', 'simple']",tolong ini kenapa tidak bisa login ya saya sudah punya akun sendiri hanya dulu uninstall pindah ke dominos wkwkwkwkwkwkwk sekarang coba login kesini kok tidak bisa ya suruh hubung cs segala ribet sekali cuih bagus dominos simple,login punya akun sendiri dulu uninstall pindah dominos wkwkwkwkwkwkwk sekarang coba login kesini kok suruh hubung cs segala ribet sekali cuih bagus dominos simple,"['login', 'punya', 'akun', 'sendiri', 'dulu', 'uninstall', 'pindah', 'dominos', 'wkwkwkwkwkwkwk', 'sekarang', 'coba', 'login', 'kesini', 'kok', 'suruh', 'hubung', 'cs', 'segala', 'ribet', 'sekali', 'cuih', 'bagus', 'dominos', 'simple']"
sudah berapa kali gratis pizza,"['sudah', 'berapa', 'kali', 'gratis', 'pizza']",sudah berapa kali gratis pizza,berapa kali gratis pizza,"['berapa', 'kali', 'gratis', 'pizza']"
kata anak saya pakai  ini saja,"['kata', 'anak', 'saya', 'pakai', 'ini', 'saja']",kata anak saya pakai ini saja,kata anak pakai,"['kata', 'anak', 'pakai']"
tidak bisa pilih delivery pizza hut harus phd,"['tidak', 'bisa', 'pilih', 'delivery', 'pizza', 'hut', 'harus', 'phd']",tidak bisa pilih delivery pizza hut harus phd,pilih delivery pizza hut phd,"['pilih', 'delivery', 'pizza', 'hut', 'phd']"
aplikasi tidak bisa digunakan untik dine in di pizza hut megamall pontianak sudah coba scan bolak balik tidak bisa wusah tanya petugas pun juga tidak bisa tidak ada gunanya promo dine in,"['aplikasi', 'tidak', 'bisa', 'digunakan', 'untik', 'dine', 'in', 'di', 'pizza', 'hut', 'megamall', 'pontianak', 'sudah', 'coba', 'scan', 'bolak', 'balik', 'tidak', 'bisa', 'wusah', 'tanya', 'petugas', 'pun', 'juga', 'tidak', 'bisa', 'tidak', 'ada', 'gunanya', 'promo', 'dine', 'in']",aplikasi tidak bisa guna untik dine in di pizza hut megamall pontianak sudah coba scan bolak balik tidak bisa wusah tanya tugas pun juga tidak bisa tidak ada guna promo dine in,aplikasi untik dine in pizza hut megamall pontianak coba scan bolak balik wusah tanya tugas promo dine in,"['aplikasi', 'untik', 'dine', 'in', 'pizza', 'hut', 'megamall', 'pontianak', 'coba', 'scan', 'bolak', 'balik', 'wusah', 'tanya', 'tugas', 'promo', 'dine', 'in']"
sumber,['sumber'],sumber,sumber,['sumber']
cepat dan enak,"['cepat', 'dan', 'enak']",cepat dan enak,cepat enak,"['cepat', 'enak']"
karena ,['karena'],karena,,[]
tidak jelas anjirrr tidak berfungsi susah sangat  untuk delivery buat klik lokasi terdekat sama alamat nya  bikin emosiii,"['tidak', 'jelas', 'anjirrr', 'tidak', 'berfungsi', 'susah', 'sangat', 'untuk', 'delivery', 'buat', 'klik', 'lokasi', 'terdekat', 'sama', 'alamat', 'nya', 'bikin', 'emosiii']",tidak jelas anjirrr tidak fungsi susah sangat untuk delivery buat klik lokasi dekat sama alamat nya bikin emosiii,jelas anjirrr fungsi susah sangat delivery klik lokasi dekat alamat bikin emosiii,"['jelas', 'anjirrr', 'fungsi', 'susah', 'sangat', 'delivery', 'klik', 'lokasi', 'dekat', 'alamat', 'bikin', 'emosiii']"
aplikasi lemoooot,"['aplikasi', 'lemoooot']",aplikasi lemoooot,aplikasi lemoooot,"['aplikasi', 'lemoooot']"
kok tidak tercantum harga y,"['kok', 'tidak', 'tercantum', 'harga', 'y']",kok tidak cantum harga y,kok cantum harga y,"['kok', 'cantum', 'harga', 'y']"
aplikasi yang bikin mudah untuk pesanan terima kasih,"['aplikasi', 'yang', 'bikin', 'mudah', 'untuk', 'pesanan', 'terima', 'kasih']",aplikasi yang bikin mudah untuk pesan terima kasih,aplikasi bikin mudah pesan terima kasih,"['aplikasi', 'bikin', 'mudah', 'pesan', 'terima', 'kasih']"
aplikasi dengan fitur promo menarik buruan download sebelum menyesal ,"['aplikasi', 'dengan', 'fitur', 'promo', 'menarik', 'buruan', 'download', 'sebelum', 'menyesal']",aplikasi dengan fitur promo tarik buru download belum sesal,aplikasi fitur promo tarik buru download sesal,"['aplikasi', 'fitur', 'promo', 'tarik', 'buru', 'download', 'sesal']"
great aplikasi,"['great', 'aplikasi']",great aplikasi,great aplikasi,"['great', 'aplikasi']"
wawww enakkk sekali gila pizza termantapp pokoknya  pelayanan okeee sangat  cepatt,"['wawww', 'enakkk', 'sekali', 'gila', 'pizza', 'termantapp', 'pokoknya', 'pelayanan', 'okeee', 'sangat', 'cepatt']",wawww enakkk sekali gila pizza termantapp pokok layan okeee sangat cepatt,wawww enakkk sekali gila pizza termantapp pokok layan okeee sangat cepatt,"['wawww', 'enakkk', 'sekali', 'gila', 'pizza', 'termantapp', 'pokok', 'layan', 'okeee', 'sangat', 'cepatt']"
lebih gampang pesan lewat aplikasi pesan di rumah datang tinggal ambil mantaaap,"['lebih', 'gampang', 'pesan', 'lewat', 'aplikasi', 'pesan', 'di', 'rumah', 'datang', 'tinggal', 'ambil', 'mantaaap']",lebih gampang pesan lewat aplikasi pesan di rumah datang tinggal ambil mantaaap,lebih gampang pesan lewat aplikasi pesan rumah datang tinggal ambil mantaaap,"['lebih', 'gampang', 'pesan', 'lewat', 'aplikasi', 'pesan', 'rumah', 'datang', 'tinggal', 'ambil', 'mantaaap']"
ui nya makin kecee,"['ui', 'nya', 'makin', 'kecee']",ui nya makin kecee,ui makin kecee,"['ui', 'makin', 'kecee']"
nice aplikasi,"['nice', 'aplikasi']",nice aplikasi,nice aplikasi,"['nice', 'aplikasi']"
masih banyak bug,"['masih', 'banyak', 'bug']",masih banyak bug,banyak bug,"['banyak', 'bug']"
pelayanannn ramah dan pizzanya enak enak sangat ,"['pelayanannn', 'ramah', 'dan', 'pizzanya', 'enak', 'enak', 'sangat']",pelayanannn ramah dan pizzanya enak enak sangat,pelayanannn ramah pizzanya enak enak sangat,"['pelayanannn', 'ramah', 'pizzanya', 'enak', 'enak', 'sangat']"
aplikasi tidak bisa bahasa indonesia padahal kan ini dinegara indonesia,"['aplikasi', 'tidak', 'bisa', 'bahasa', 'indonesia', 'padahal', 'kan', 'ini', 'dinegara', 'indonesia']",aplikasi tidak bisa bahasa indonesia padahal kan ini negara indonesia,aplikasi bahasa indonesia padahal kan negara indonesia,"['aplikasi', 'bahasa', 'indonesia', 'padahal', 'kan', 'negara', 'indonesia']"
aplikasinya sepertinya perlu diperbaiki berat sekali  sepertinya  klik outlet time tidak  bisa coba logout login kembali berulang tetap tidak bisa,"['aplikasinya', 'sepertinya', 'perlu', 'diperbaiki', 'berat', 'sekali', 'sepertinya', 'klik', 'outlet', 'time', 'tidak', 'bisa', 'coba', 'logout', 'login', 'kembali', 'berulang', 'tetap', 'tidak', 'bisa']",aplikasi seperti perlu baik berat sekali seperti klik outlet time tidak bisa coba logout login kembali ulang tetap tidak bisa,aplikasi perlu baik berat sekali klik outlet time coba logout login ulang tetap,"['aplikasi', 'perlu', 'baik', 'berat', 'sekali', 'klik', 'outlet', 'time', 'coba', 'logout', 'login', 'ulang', 'tetap']"
aplikasi sangat membantu,"['aplikasi', 'sangat', 'membantu']",aplikasi sangat bantu,aplikasi sangat bantu,"['aplikasi', 'sangat', 'bantu']"
josss mantap,"['josss', 'mantap']",josss mantap,josss mantap,"['josss', 'mantap']"
pizza nya enak tempat nya nya nyaman pegawai nya ramah,"['pizza', 'nya', 'enak', 'tempat', 'nya', 'nya', 'nyaman', 'pegawai', 'nya', 'ramah']",pizza nya enak tempat nya nya nyaman pegawai nya ramah,pizza enak tempat nyaman pegawai ramah,"['pizza', 'enak', 'tempat', 'nyaman', 'pegawai', 'ramah']"
mantap jiwa,"['mantap', 'jiwa']",mantap jiwa,mantap jiwa,"['mantap', 'jiwa']"
wawwww enak bgtttt loh mantap,"['wawwww', 'enak', 'bgtttt', 'loh', 'mantap']",wawwww enak bgtttt loh mantap,wawwww enak bgtttt loh mantap,"['wawwww', 'enak', 'bgtttt', 'loh', 'mantap']"
aplikasinya membantu sekali  kalau  lagi malas bergerak keluar buat beli pizza,"['aplikasinya', 'membantu', 'sekali', 'kalau', 'lagi', 'malas', 'bergerak', 'keluar', 'buat', 'beli', 'pizza']",aplikasi bantu sekali kalau lagi malas gerak keluar buat beli pizza,aplikasi bantu sekali malas gerak keluar beli pizza,"['aplikasi', 'bantu', 'sekali', 'malas', 'gerak', 'keluar', 'beli', 'pizza']"
aplikasinya bagus sekali  selain bisa mempermudah untuk pesanan kita juga dapat banyak benefit dari aplikasinya banyak voucher promo nya buat kalian pemburu promo,"['aplikasinya', 'bagus', 'sekali', 'selain', 'bisa', 'mempermudah', 'untuk', 'pesanan', 'kita', 'juga', 'dapat', 'banyak', 'benefit', 'dari', 'aplikasinya', 'banyak', 'voucher', 'promo', 'nya', 'buat', 'kalian', 'pemburu', 'promo']",aplikasi bagus sekali selain bisa mudah untuk pesan kita juga dapat banyak benefit dari aplikasi banyak voucher promo nya buat kalian buru promo,aplikasi bagus sekali mudah pesan banyak benefit aplikasi banyak voucher promo kalian buru promo,"['aplikasi', 'bagus', 'sekali', 'mudah', 'pesan', 'banyak', 'benefit', 'aplikasi', 'banyak', 'voucher', 'promo', 'kalian', 'buru', 'promo']"
aplikasi pizza hut ini bikin lebih gampang dan cepat sangat memudahkan untuk beli pizza dan banyak sekali promo yang menarik,"['aplikasi', 'pizza', 'hut', 'ini', 'bikin', 'lebih', 'gampang', 'dan', 'cepat', 'sangat', 'memudahkan', 'untuk', 'beli', 'pizza', 'dan', 'banyak', 'sekali', 'promo', 'yang', 'menarik']",aplikasi pizza hut ini bikin lebih gampang dan cepat sangat mudah untuk beli pizza dan banyak sekali promo yang tarik,aplikasi pizza hut bikin lebih gampang cepat sangat mudah beli pizza banyak sekali promo tarik,"['aplikasi', 'pizza', 'hut', 'bikin', 'lebih', 'gampang', 'cepat', 'sangat', 'mudah', 'beli', 'pizza', 'banyak', 'sekali', 'promo', 'tarik']"
aplikasi nya sangat bermanfaat buat orang yang males keluar rumah saat kondisi lapar,"['aplikasi', 'nya', 'sangat', 'bermanfaat', 'buat', 'orang', 'yang', 'males', 'keluar', 'rumah', 'saat', 'kondisi', 'lapar']",aplikasi nya sangat manfaat buat orang yang males keluar rumah saat kondisi lapar,aplikasi sangat manfaat orang males keluar rumah kondisi lapar,"['aplikasi', 'sangat', 'manfaat', 'orang', 'males', 'keluar', 'rumah', 'kondisi', 'lapar']"
pizza hut selalu dihati mudah digunakan dan lewat aplikasi pizza hut bisa tahu menu terbaru dan promo yang lain,"['pizza', 'hut', 'selalu', 'dihati', 'mudah', 'digunakan', 'dan', 'lewat', 'aplikasi', 'pizza', 'hut', 'bisa', 'tahu', 'menu', 'terbaru', 'dan', 'promo', 'yang', 'lain']",pizza hut selalu hati mudah guna dan lewat aplikasi pizza hut bisa tahu menu baru dan promo yang lain,pizza hut selalu hati mudah lewat aplikasi pizza hut tahu menu baru promo,"['pizza', 'hut', 'selalu', 'hati', 'mudah', 'lewat', 'aplikasi', 'pizza', 'hut', 'tahu', 'menu', 'baru', 'promo']"
pizzanya bikin kangeninmakyoss,"['pizzanya', 'bikin', 'kangeninmakyoss']",pizzanya bikin kangeninmakyoss,pizzanya bikin kangeninmakyoss,"['pizzanya', 'bikin', 'kangeninmakyoss']"
selama pakai  aplikasi ini saya  pesan pizza jadi lebih mudah dan gaperlu nunggu lama karena bisa di sesuaikan waktu pemesanannya dan banyak point nya juga kalau  pakai  aplikasi the best lah pokoknya ,"['selama', 'pakai', 'aplikasi', 'ini', 'saya', 'pesan', 'pizza', 'jadi', 'lebih', 'mudah', 'dan', 'gaperlu', 'nunggu', 'lama', 'karena', 'bisa', 'di', 'sesuaikan', 'waktu', 'pemesanannya', 'dan', 'banyak', 'point', 'nya', 'juga', 'kalau', 'pakai', 'aplikasi', 'the', 'best', 'lah', 'pokoknya']",lama pakai aplikasi ini saya pesan pizza jadi lebih mudah dan gaperlu nunggu lama karena bisa di sesuai waktu mesan dan banyak point nya juga kalau pakai aplikasi the best lah pokok,lama pakai aplikasi pesan pizza lebih mudah gaperlu nunggu lama sesuai waktu mesan banyak point pakai aplikasi the best lah pokok,"['lama', 'pakai', 'aplikasi', 'pesan', 'pizza', 'lebih', 'mudah', 'gaperlu', 'nunggu', 'lama', 'sesuai', 'waktu', 'mesan', 'banyak', 'point', 'pakai', 'aplikasi', 'the', 'best', 'lah', 'pokok']"
pelayanan yang sangat ramah,"['pelayanan', 'yang', 'sangat', 'ramah']",layan yang sangat ramah,layan sangat ramah,"['layan', 'sangat', 'ramah']"
aplikasi mudah di gunakanbisa pilih jam untuk pengambilan nya jugapizza hut selalu di hati,"['aplikasi', 'mudah', 'di', 'gunakanbisa', 'pilih', 'jam', 'untuk', 'pengambilan', 'nya', 'jugapizza', 'hut', 'selalu', 'di', 'hati']",aplikasi mudah di gunakanbisa pilih jam untuk ambil nya jugapizza hut selalu di hati,aplikasi mudah gunakanbisa pilih jam ambil jugapizza hut selalu hati,"['aplikasi', 'mudah', 'gunakanbisa', 'pilih', 'jam', 'ambil', 'jugapizza', 'hut', 'selalu', 'hati']"
semakin mudahdan tidak pakai  antri,"['semakin', 'mudahdan', 'tidak', 'pakai', 'antri']",makin mudahdan tidak pakai antri,makin mudahdan pakai antri,"['makin', 'mudahdan', 'pakai', 'antri']"
pizza hut terbaik mantap,"['pizza', 'hut', 'terbaik', 'mantap']",pizza hut baik mantap,pizza hut baik mantap,"['pizza', 'hut', 'baik', 'mantap']"
nais plaiseee,"['nais', 'plaiseee']",nais plaiseee,nais plaiseee,"['nais', 'plaiseee']"
sangat membantu dan mempermudah pemesanan aplikasi berjalan dengan baik,"['sangat', 'membantu', 'dan', 'mempermudah', 'pemesanan', 'aplikasi', 'berjalan', 'dengan', 'baik']",sangat bantu dan mudah mesan aplikasi jalan dengan baik,sangat bantu mudah mesan aplikasi jalan baik,"['sangat', 'bantu', 'mudah', 'mesan', 'aplikasi', 'jalan', 'baik']"
aplikasi sangat membantu untuk pesan online,"['aplikasi', 'sangat', 'membantu', 'untuk', 'pesan', 'online']",aplikasi sangat bantu untuk pesan online,aplikasi sangat bantu pesan online,"['aplikasi', 'sangat', 'bantu', 'pesan', 'online']"
pelayanan ramah cepat bersihh,"['pelayanan', 'ramah', 'cepat', 'bersihh']",layan ramah cepat bersihh,layan ramah cepat bersihh,"['layan', 'ramah', 'cepat', 'bersihh']"
nice,['nice'],nice,nice,['nice']
aplikasinya sangat memudahkan untuk kita memesan pizza aplikasi sangat amat bagus,"['aplikasinya', 'sangat', 'memudahkan', 'untuk', 'kita', 'memesan', 'pizza', 'aplikasi', 'sangat', 'amat', 'bagus']",aplikasi sangat mudah untuk kita mes pizza aplikasi sangat amat bagus,aplikasi sangat mudah mes pizza aplikasi sangat bagus,"['aplikasi', 'sangat', 'mudah', 'mes', 'pizza', 'aplikasi', 'sangat', 'bagus']"
sangat mudah digunakan mantab,"['sangat', 'mudah', 'digunakan', 'mantab']",sangat mudah guna mantab,sangat mudah mantab,"['sangat', 'mudah', 'mantab']"
aplikasi kamu orang buruk sekali  semenjak di update malah ribettttttnya setengah mati saya  sampai berkali kali masukin alamat saja  tidak  bisa orang it kamu keterbelakangan,"['aplikasi', 'kamu', 'orang', 'buruk', 'sekali', 'semenjak', 'di', 'update', 'malah', 'ribettttttnya', 'setengah', 'mati', 'saya', 'sampai', 'berkali', 'kali', 'masukin', 'alamat', 'saja', 'tidak', 'bisa', 'orang', 'it', 'kamu', 'keterbelakangan']",aplikasi kamu orang buruk sekali semenjak di update malah ribettttttnya tengah mati saya sampai kali kali masukin alamat saja tidak bisa orang it kamu belakang,aplikasi orang buruk sekali semenjak update malah ribettttttnya tengah mati kali kali masukin alamat orang belakang,"['aplikasi', 'orang', 'buruk', 'sekali', 'semenjak', 'update', 'malah', 'ribettttttnya', 'tengah', 'mati', 'kali', 'kali', 'masukin', 'alamat', 'orang', 'belakang']"
aplikasi paling tidak jelas mau pesanan tapi pusing pilihan menu kaga ada tidak jelas,"['aplikasi', 'paling', 'tidak', 'jelas', 'mau', 'pesanan', 'tapi', 'pusing', 'pilihan', 'menu', 'kaga', 'ada', 'tidak', 'jelas']",aplikasi paling tidak jelas mau pesan tapi pusing pilih menu kaga ada tidak jelas,aplikasi paling jelas mau pesan pusing pilih menu kaga jelas,"['aplikasi', 'paling', 'jelas', 'mau', 'pesan', 'pusing', 'pilih', 'menu', 'kaga', 'jelas']"
deliv hanya untuk alamat terentu tidak bisa di semua  alamat padahal tidak jauh dari tokonya,"['deliv', 'hanya', 'untuk', 'alamat', 'terentu', 'tidak', 'bisa', 'di', 'semua', 'alamat', 'padahal', 'tidak', 'jauh', 'dari', 'tokonya']",deliv hanya untuk alamat terentu tidak bisa di semua alamat padahal tidak jauh dari toko,deliv alamat terentu semua alamat padahal jauh toko,"['deliv', 'alamat', 'terentu', 'semua', 'alamat', 'padahal', 'jauh', 'toko']"
tolong jangkaunya untuk makanan yang bungkus di perluas karena di daerah saya tidak masuk dalam wilayah antar makanan,"['tolong', 'jangkaunya', 'untuk', 'makanan', 'yang', 'bungkus', 'di', 'perluas', 'karena', 'di', 'daerah', 'saya', 'tidak', 'masuk', 'dalam', 'wilayah', 'antar', 'makanan']",tolong jangkau untuk makan yang bungkus di luas karena di daerah saya tidak masuk dalam wilayah antar makan,jangkau makan bungkus luas daerah masuk wilayah antar makan,"['jangkau', 'makan', 'bungkus', 'luas', 'daerah', 'masuk', 'wilayah', 'antar', 'makan']"
karyawannya ramah pelayanan nya cepat,"['karyawannya', 'ramah', 'pelayanan', 'nya', 'cepat']",karyawannya ramah layan nya cepat,karyawannya ramah layan cepat,"['karyawannya', 'ramah', 'layan', 'cepat']"
aplikasi tidak jelas tidak ada live location saya pesan  pizza quarta saya tungguin dari jam malam sampai jam baru sampai sudah begitu  ternyata driver phd nya sudah x kerumah saya namun di aplikasi tidak ada pergerakan semoga bisa lebih baik lagi,"['aplikasi', 'tidak', 'jelas', 'tidak', 'ada', 'live', 'location', 'saya', 'pesan', 'pizza', 'quarta', 'saya', 'tungguin', 'dari', 'jam', 'malam', 'sampai', 'jam', 'baru', 'sampai', 'sudah', 'begitu', 'ternyata', 'driver', 'phd', 'nya', 'sudah', 'x', 'kerumah', 'saya', 'namun', 'di', 'aplikasi', 'tidak', 'ada', 'pergerakan', 'semoga', 'bisa', 'lebih', 'baik', 'lagi']",aplikasi tidak jelas tidak ada live location saya pesan pizza quarta saya tungguin dari jam malam sampai jam baru sampai sudah begitu nyata driver phd nya sudah x rumah saya namun di aplikasi tidak ada gera moga bisa lebih baik lagi,aplikasi jelas live location pesan pizza quarta tungguin jam malam jam baru nyata driver phd x rumah aplikasi gera moga lebih baik,"['aplikasi', 'jelas', 'live', 'location', 'pesan', 'pizza', 'quarta', 'tungguin', 'jam', 'malam', 'jam', 'baru', 'nyata', 'driver', 'phd', 'x', 'rumah', 'aplikasi', 'gera', 'moga', 'lebih', 'baik']"
pesan  dari set malam sampai jam tidak sampai bahkan sampai bsknya juga tidak sampai,"['pesan', 'dari', 'set', 'malam', 'sampai', 'jam', 'tidak', 'sampai', 'bahkan', 'sampai', 'bsknya', 'juga', 'tidak', 'sampai']",pesan dari set malam sampai jam tidak sampai bahkan sampai bsknya juga tidak sampai,pesan set malam jam bahkan bsknya,"['pesan', 'set', 'malam', 'jam', 'bahkan', 'bsknya']"
aplikasi tak bisa lihat track pizza tak ada chat dengan store bahkan pizza saya per hari ini tak dikirim ke lokasi,"['aplikasi', 'tak', 'bisa', 'lihat', 'track', 'pizza', 'tak', 'ada', 'chat', 'dengan', 'store', 'bahkan', 'pizza', 'saya', 'per', 'hari', 'ini', 'tak', 'dikirim', 'ke', 'lokasi']",aplikasi tak bisa lihat track pizza tak ada chat dengan store bahkan pizza saya per hari ini tak kirim ke lokasi,aplikasi tak lihat track pizza tak chat store bahkan pizza per hari tak kirim lokasi,"['aplikasi', 'tak', 'lihat', 'track', 'pizza', 'tak', 'chat', 'store', 'bahkan', 'pizza', 'per', 'hari', 'tak', 'kirim', 'lokasi']"
aplikasi penipuan pesan  tidak di antar makan uang haram,"['aplikasi', 'penipuan', 'pesan', 'tidak', 'di', 'antar', 'makan', 'uang', 'haram']",aplikasi tipu pesan tidak di antar makan uang haram,aplikasi tipu pesan antar makan uang haram,"['aplikasi', 'tipu', 'pesan', 'antar', 'makan', 'uang', 'haram']"
tidak bisa melakukan pemilihan lokasi store untuk pesanan nya sangat buruk sekali aplikasi nya,"['tidak', 'bisa', 'melakukan', 'pemilihan', 'lokasi', 'store', 'untuk', 'pesanan', 'nya', 'sangat', 'buruk', 'sekali', 'aplikasi', 'nya']",tidak bisa laku pilih lokasi store untuk pesan nya sangat buruk sekali aplikasi nya,laku pilih lokasi store pesan sangat buruk sekali aplikasi,"['laku', 'pilih', 'lokasi', 'store', 'pesan', 'sangat', 'buruk', 'sekali', 'aplikasi']"
tidak usah ada aplikasi lagi kalau kita dine in tidak boleh pakai  aplikasi karena  sedang ramai resto nya alasan  klasik yang  bikin konsumen kecewa sama layanan dan bad attitude pelayanan nya saya mau dine in scan lewat aplikasi masa tidak boleh aneh sekali ,"['tidak', 'usah', 'ada', 'aplikasi', 'lagi', 'kalau', 'kita', 'dine', 'in', 'tidak', 'boleh', 'pakai', 'aplikasi', 'karena', 'sedang', 'ramai', 'resto', 'nya', 'alasan', 'klasik', 'yang', 'bikin', 'konsumen', 'kecewa', 'sama', 'layanan', 'dan', 'bad', 'attitude', 'pelayanan', 'nya', 'saya', 'mau', 'dine', 'in', 'scan', 'lewat', 'aplikasi', 'masa', 'tidak', 'boleh', 'aneh', 'sekali']",tidak usah ada aplikasi lagi kalau kita dine in tidak boleh pakai aplikasi karena sedang ramai resto nya alas klasik yang bikin konsumen kecewa sama layan dan bad attitude layan nya saya mau dine in scan lewat aplikasi masa tidak boleh aneh sekali,usah aplikasi dine in pakai aplikasi sedang ramai resto alas klasik bikin konsumen kecewa layan bad attitude layan mau dine in scan lewat aplikasi masa aneh sekali,"['usah', 'aplikasi', 'dine', 'in', 'pakai', 'aplikasi', 'sedang', 'ramai', 'resto', 'alas', 'klasik', 'bikin', 'konsumen', 'kecewa', 'layan', 'bad', 'attitude', 'layan', 'mau', 'dine', 'in', 'scan', 'lewat', 'aplikasi', 'masa', 'aneh', 'sekali']"
delicious,['delicious'],delicious,delicious,['delicious']
aplikasi lemot ribet jadi males,"['aplikasi', 'lemot', 'ribet', 'jadi', 'males']",aplikasi lot ribet jadi males,aplikasi lot ribet males,"['aplikasi', 'lot', 'ribet', 'males']"
aplikasi sering error tidak bisa di gunakan,"['aplikasi', 'sering', 'error', 'tidak', 'bisa', 'di', 'gunakan']",aplikasi sering error tidak bisa di guna,aplikasi sering error,"['aplikasi', 'sering', 'error']"
tidak bisa delivery pizza hut hanya bisa phd saya tidak suka phd,"['tidak', 'bisa', 'delivery', 'pizza', 'hut', 'hanya', 'bisa', 'phd', 'saya', 'tidak', 'suka', 'phd']",tidak bisa delivery pizza hut hanya bisa phd saya tidak suka phd,delivery pizza hut phd suka phd,"['delivery', 'pizza', 'hut', 'phd', 'suka', 'phd']"
sulit digunakan,"['sulit', 'digunakan']",sulit guna,sulit,['sulit']
mau pesan  tidak bisa pilih outlete nya aplikasi terlalu berattolong di perbaiki lahbukan mudah malah jadi males pesennya,"['mau', 'pesan', 'tidak', 'bisa', 'pilih', 'outlete', 'nya', 'aplikasi', 'terlalu', 'berattolong', 'di', 'perbaiki', 'lahbukan', 'mudah', 'malah', 'jadi', 'males', 'pesennya']",mau pesan tidak bisa pilih outlete nya aplikasi terlalu berattolong di baik lahbukan mudah malah jadi males sen,mau pesan pilih outlete aplikasi terlalu berattolong baik lahbukan mudah malah males sen,"['mau', 'pesan', 'pilih', 'outlete', 'aplikasi', 'terlalu', 'berattolong', 'baik', 'lahbukan', 'mudah', 'malah', 'males', 'sen']"
setelah pembaruan tampilannya beda malah tidak bisa scroll mau pesanan,"['setelah', 'pembaruan', 'tampilannya', 'beda', 'malah', 'tidak', 'bisa', 'scroll', 'mau', 'pesanan']",telah baru tampil beda malah tidak bisa scroll mau pesan,baru tampil beda malah scroll mau pesan,"['baru', 'tampil', 'beda', 'malah', 'scroll', 'mau', 'pesan']"
masok wifi bebas,"['masok', 'wifi', 'bebas']",masok wifi bebas,masok wifi bebas,"['masok', 'wifi', 'bebas']"
simpeldan praktis,"['simpeldan', 'praktis']",simpeldan praktis,simpeldan praktis,"['simpeldan', 'praktis']"
oke oke,"['oke', 'oke']",oke oke,oke oke,"['oke', 'oke']"
tidak bisa pesan  pizza jam segini padahal tempat delivery aplikasi yang  tentuin tidak bisa pilih sendiri atau d ganti,"['tidak', 'bisa', 'pesan', 'pizza', 'jam', 'segini', 'padahal', 'tempat', 'delivery', 'aplikasi', 'yang', 'tentuin', 'tidak', 'bisa', 'pilih', 'sendiri', 'atau', 'd', 'ganti']",tidak bisa pesan pizza jam gin padahal tempat delivery aplikasi yang tentuin tidak bisa pilih sendiri atau d ganti,pesan pizza jam gin padahal tempat delivery aplikasi tentuin pilih sendiri d ganti,"['pesan', 'pizza', 'jam', 'gin', 'padahal', 'tempat', 'delivery', 'aplikasi', 'tentuin', 'pilih', 'sendiri', 'd', 'ganti']"
bagusssss,['bagusssss'],bagusssss,bagusssss,['bagusssss']
aplikasi jelek sudah tulisan tidak rapih tidak  bisa login maupun daftar akun otp whatsapp ngaco pokoknya jelek deh,"['aplikasi', 'jelek', 'sudah', 'tulisan', 'tidak', 'rapih', 'tidak', 'bisa', 'login', 'maupun', 'daftar', 'akun', 'otp', 'whatsapp', 'ngaco', 'pokoknya', 'jelek', 'deh']",aplikasi jelek sudah tulis tidak rapih tidak bisa login maupun daftar akun otp whatsapp ngaco pokok jelek deh,aplikasi jelek tulis rapih login maupun daftar akun otp whatsapp ngaco pokok jelek,"['aplikasi', 'jelek', 'tulis', 'rapih', 'login', 'maupun', 'daftar', 'akun', 'otp', 'whatsapp', 'ngaco', 'pokok', 'jelek']"
pizza pringsewu terbaik,"['pizza', 'pringsewu', 'terbaik']",pizza pringsewu baik,pizza pringsewu baik,"['pizza', 'pringsewu', 'baik']"
burik banyak bug nya ,"['burik', 'banyak', 'bug', 'nya']",burik banyak bug nya,burik banyak bug,"['burik', 'banyak', 'bug']"
application for served foods and drinks pesanan in mobile phone internet global,"['application', 'for', 'served', 'foods', 'and', 'drinks', 'pesanan', 'in', 'mobile', 'phone', 'internet', 'global']",application for served foods and drinks pesan in mobile phone internet global,application for served foods and drinks pesan in mobile phone internet global,"['application', 'for', 'served', 'foods', 'and', 'drinks', 'pesan', 'in', 'mobile', 'phone', 'internet', 'global']"
need some improvement i tried pesanan menu this time thru apps and system was error so we have pesanan via offline,"['need', 'some', 'improvement', 'i', 'tried', 'pesanan', 'menu', 'this', 'time', 'thru', 'apps', 'and', 'system', 'was', 'error', 'so', 'we', 'have', 'pesanan', 'via', 'offline']",need some improvement i tried pesan menu this time thru apps and system was error so we have pesan via offline,need some improvement i tried pesan menu this time thru apps and system was error so we have pesan via offline,"['need', 'some', 'improvement', 'i', 'tried', 'pesan', 'menu', 'this', 'time', 'thru', 'apps', 'and', 'system', 'was', 'error', 'so', 'we', 'have', 'pesan', 'via', 'offline']"
ini kenapa outlet sama delivery timenya kaga bisa di klik ya terus ini cara pesannya gimana kalau  tidak bisa diklik kocak sekali  ini aplikasi pizza,"['ini', 'kenapa', 'outlet', 'sama', 'delivery', 'timenya', 'kaga', 'bisa', 'di', 'klik', 'ya', 'terus', 'ini', 'cara', 'pesannya', 'gimana', 'kalau', 'tidak', 'bisa', 'diklik', 'kocak', 'sekali', 'ini', 'aplikasi', 'pizza']",ini kenapa outlet sama delivery timenya kaga bisa di klik ya terus ini cara pesan gimana kalau tidak bisa klik kocak sekali ini aplikasi pizza,outlet delivery timenya kaga klik terus cara pesan gimana klik kocak sekali aplikasi pizza,"['outlet', 'delivery', 'timenya', 'kaga', 'klik', 'terus', 'cara', 'pesan', 'gimana', 'klik', 'kocak', 'sekali', 'aplikasi', 'pizza']"
susah pakai aplikasi baru tidak bisa pakai tombol back dari hp penentuan lokasi pengiriman dan pemilihan outlet pizza susah dan lemot,"['susah', 'pakai', 'aplikasi', 'baru', 'tidak', 'bisa', 'pakai', 'tombol', 'back', 'dari', 'hp', 'penentuan', 'lokasi', 'pengiriman', 'dan', 'pemilihan', 'outlet', 'pizza', 'susah', 'dan', 'lemot']",susah pakai aplikasi baru tidak bisa pakai tombol back dari hp tentu lokasi kirim dan pilih outlet pizza susah dan lot,susah pakai aplikasi baru pakai tombol back hp lokasi kirim pilih outlet pizza susah lot,"['susah', 'pakai', 'aplikasi', 'baru', 'pakai', 'tombol', 'back', 'hp', 'lokasi', 'kirim', 'pilih', 'outlet', 'pizza', 'susah', 'lot']"
kok tidak bis a d instal pizza hut nya,"['kok', 'tidak', 'bis', 'a', 'd', 'instal', 'pizza', 'hut', 'nya']",kok tidak bis a d instal pizza hut nya,kok bis a d instal pizza hut,"['kok', 'bis', 'a', 'd', 'instal', 'pizza', 'hut']"
aplikasinya ngebug tidak bisa login google mohon perbaiki,"['aplikasinya', 'ngebug', 'tidak', 'bisa', 'login', 'google', 'mohon', 'perbaiki']",aplikasi ngebug tidak bisa login google mohon baik,aplikasi ngebug login google mohon baik,"['aplikasi', 'ngebug', 'login', 'google', 'mohon', 'baik']"
susah klik tombol outlet ksllll,"['susah', 'klik', 'tombol', 'outlet', 'ksllll']",susah klik tombol outlet ksllll,susah klik tombol outlet ksllll,"['susah', 'klik', 'tombol', 'outlet', 'ksllll']"
aplikasinya kurang smooth,"['aplikasinya', 'kurang', 'smooth']",aplikasi kurang smooth,aplikasi kurang smooth,"['aplikasi', 'kurang', 'smooth']"
terakhir dine ini sudah payment padahal sekarang mau pesan delivery tidak bisa karena yang  dine in sebelumnya statusnya belum payment tolong diperbaiki lagi aplikasinya,"['terakhir', 'dine', 'ini', 'sudah', 'payment', 'padahal', 'sekarang', 'mau', 'pesan', 'delivery', 'tidak', 'bisa', 'karena', 'yang', 'dine', 'in', 'sebelumnya', 'statusnya', 'belum', 'payment', 'tolong', 'diperbaiki', 'lagi', 'aplikasinya']",akhir dine ini sudah payment padahal sekarang mau pesan delivery tidak bisa karena yang dine in belum status belum payment tolong baik lagi aplikasi,akhir dine payment padahal sekarang mau pesan delivery dine in status payment baik aplikasi,"['akhir', 'dine', 'payment', 'padahal', 'sekarang', 'mau', 'pesan', 'delivery', 'dine', 'in', 'status', 'payment', 'baik', 'aplikasi']"
sangat baguss,"['sangat', 'baguss']",sangat baguss,sangat baguss,"['sangat', 'baguss']"
senang tiap pesan online dapat poin banyak,"['senang', 'tiap', 'pesan', 'online', 'dapat', 'poin', 'banyak']",senang tiap pesan online dapat poin banyak,senang tiap pesan online poin banyak,"['senang', 'tiap', 'pesan', 'online', 'poin', 'banyak']"
kecewa pelayanya lama sekali  jam loh saya nunggu,"['kecewa', 'pelayanya', 'lama', 'sekali', 'jam', 'loh', 'saya', 'nunggu']",kecewa pelayanya lama sekali jam loh saya nunggu,kecewa pelayanya lama sekali jam loh nunggu,"['kecewa', 'pelayanya', 'lama', 'sekali', 'jam', 'loh', 'nunggu']"
ribet sangat  log in pakai  email ngirim otp ke wasms sedang nomor  sudah ganti log in pakai  nomor  baru minte email sedang emailnya sudah di pakai  mending dominos saja  tidak ribet apknya,"['ribet', 'sangat', 'log', 'in', 'pakai', 'email', 'ngirim', 'otp', 'ke', 'wasms', 'sedang', 'nomor', 'sudah', 'ganti', 'log', 'in', 'pakai', 'nomor', 'baru', 'minte', 'email', 'sedang', 'emailnya', 'sudah', 'di', 'pakai', 'mending', 'dominos', 'saja', 'tidak', 'ribet', 'apknya']",ribet sangat log in pakai email ngirim otp ke wasms sedang nomor sudah ganti log in pakai nomor baru minte email sedang email sudah di pakai mending dominos saja tidak ribet apknya,ribet sangat log in pakai email ngirim otp wasms sedang nomor ganti log in pakai nomor baru minte email sedang email pakai mending dominos ribet apknya,"['ribet', 'sangat', 'log', 'in', 'pakai', 'email', 'ngirim', 'otp', 'wasms', 'sedang', 'nomor', 'ganti', 'log', 'in', 'pakai', 'nomor', 'baru', 'minte', 'email', 'sedang', 'email', 'pakai', 'mending', 'dominos', 'ribet', 'apknya']"
susah mau log in saja  muter,"['susah', 'mau', 'log', 'in', 'saja', 'muter']",susah mau log in saja muter,susah mau log in muter,"['susah', 'mau', 'log', 'in', 'muter']"
kren,['kren'],kren,kren,['kren']
bintang dulu kalau  dikirim sesuatu bintang hahahhahahahah bercanda  min bagus loh jadi lebih praktis buat kaum malas bergerak,"['bintang', 'dulu', 'kalau', 'dikirim', 'sesuatu', 'bintang', 'hahahhahahahah', 'bercanda', 'min', 'bagus', 'loh', 'jadi', 'lebih', 'praktis', 'buat', 'kaum', 'malas', 'bergerak']",bintang dulu kalau kirim sesuatu bintang hahahhahahahah canda min bagus loh jadi lebih praktis buat kaum malas gerak,bintang dulu kirim bintang hahahhahahahah canda min bagus loh lebih praktis kaum malas gerak,"['bintang', 'dulu', 'kirim', 'bintang', 'hahahhahahahah', 'canda', 'min', 'bagus', 'loh', 'lebih', 'praktis', 'kaum', 'malas', 'gerak']"
pizza hut selalu di hati selalu membersamai perkembangan saya dan keluarga pelayanan nya best kwalitas makanan nya tolong kembalikan seperti zaman dulu  harga di sesuaikan pasti nya semoga pizza hut lebih baik dan selalu lebih baik lagi ke depan nya thank kamu,"['pizza', 'hut', 'selalu', 'di', 'hati', 'selalu', 'membersamai', 'perkembangan', 'saya', 'dan', 'keluarga', 'pelayanan', 'nya', 'best', 'kwalitas', 'makanan', 'nya', 'tolong', 'kembalikan', 'seperti', 'zaman', 'dulu', 'harga', 'di', 'sesuaikan', 'pasti', 'nya', 'semoga', 'pizza', 'hut', 'lebih', 'baik', 'dan', 'selalu', 'lebih', 'baik', 'lagi', 'ke', 'depan', 'nya', 'thank', 'kamu']",pizza hut selalu di hati selalu sama kembang saya dan keluarga layan nya best kwalitas makan nya tolong kembali seperti zaman dulu harga di sesuai pasti nya moga pizza hut lebih baik dan selalu lebih baik lagi ke depan nya thank kamu,pizza hut selalu hati selalu kembang keluarga layan best kwalitas makan zaman dulu harga sesuai moga pizza hut lebih baik selalu lebih baik depan thank,"['pizza', 'hut', 'selalu', 'hati', 'selalu', 'kembang', 'keluarga', 'layan', 'best', 'kwalitas', 'makan', 'zaman', 'dulu', 'harga', 'sesuai', 'moga', 'pizza', 'hut', 'lebih', 'baik', 'selalu', 'lebih', 'baik', 'depan', 'thank']"
baru install aplikasi pertama kali terus mau masukin alamat tapi tidak bisa di klik bagaimana  mau delivery kalau  seperti ini pantes ratingnya jelek,"['baru', 'install', 'aplikasi', 'pertama', 'kali', 'terus', 'mau', 'masukin', 'alamat', 'tapi', 'tidak', 'bisa', 'di', 'klik', 'bagaimana', 'mau', 'delivery', 'kalau', 'seperti', 'ini', 'pantes', 'ratingnya', 'jelek']",baru install aplikasi pertama kali terus mau masukin alamat tapi tidak bisa di klik bagaimana mau delivery kalau seperti ini pantes ratingnya jelek,baru install aplikasi pertama kali terus mau masukin alamat klik bagaimana mau delivery pantes ratingnya jelek,"['baru', 'install', 'aplikasi', 'pertama', 'kali', 'terus', 'mau', 'masukin', 'alamat', 'klik', 'bagaimana', 'mau', 'delivery', 'pantes', 'ratingnya', 'jelek']"
makanan yang saya suka sangat nikmat,"['makanan', 'yang', 'saya', 'suka', 'sangat', 'nikmat']",makan yang saya suka sangat nikmat,makan suka sangat nikmat,"['makan', 'suka', 'sangat', 'nikmat']"
terima kasih,"['terima', 'kasih']",terima kasih,terima kasih,"['terima', 'kasih']"
sudah payment tidak ke konfirmasi malah statusnya belum payment terus kalau  belum  siap bikin aplikasi tidak usah ikutin fnb lain deh tim itnya tidur saja  apa gimana,"['sudah', 'payment', 'tidak', 'ke', 'konfirmasi', 'malah', 'statusnya', 'belum', 'payment', 'terus', 'kalau', 'belum', 'siap', 'bikin', 'aplikasi', 'tidak', 'usah', 'ikutin', 'fnb', 'lain', 'deh', 'tim', 'itnya', 'tidur', 'saja', 'apa', 'gimana']",sudah payment tidak ke konfirmasi malah status belum payment terus kalau belum siap bikin aplikasi tidak usah ikutin fnb lain deh tim itnya tidur saja apa gimana,payment konfirmasi malah status payment terus siap bikin aplikasi usah ikutin fnb tim itnya tidur apa gimana,"['payment', 'konfirmasi', 'malah', 'status', 'payment', 'terus', 'siap', 'bikin', 'aplikasi', 'usah', 'ikutin', 'fnb', 'tim', 'itnya', 'tidur', 'apa', 'gimana']"
susah dipakai  nya ada tombol outlet sama  waktu pengiriman yang  tidak bisa diklik jadi tidak bisa dikonfirmasi harusnya lebih lengkap keterangan jarak yang  bisa dijangkau delivery berapa  kamu,"['susah', 'dipakai', 'nya', 'ada', 'tombol', 'outlet', 'sama', 'waktu', 'pengiriman', 'yang', 'tidak', 'bisa', 'diklik', 'jadi', 'tidak', 'bisa', 'dikonfirmasi', 'harusnya', 'lebih', 'lengkap', 'keterangan', 'jarak', 'yang', 'bisa', 'dijangkau', 'delivery', 'berapa', 'kamu']",susah pakai nya ada tombol outlet sama waktu kirim yang tidak bisa klik jadi tidak bisa konfirmasi harus lebih lengkap terang jarak yang bisa jangkau delivery berapa kamu,susah pakai tombol outlet waktu kirim klik konfirmasi lebih lengkap terang jarak jangkau delivery berapa,"['susah', 'pakai', 'tombol', 'outlet', 'waktu', 'kirim', 'klik', 'konfirmasi', 'lebih', 'lengkap', 'terang', 'jarak', 'jangkau', 'delivery', 'berapa']"
habis update malah hilang lokasi phnya di kota saya bagaimana  saya mau pesanan nih hadehhhh,"['habis', 'update', 'malah', 'hilang', 'lokasi', 'phnya', 'di', 'kota', 'saya', 'bagaimana', 'saya', 'mau', 'pesanan', 'nih', 'hadehhhh']",habis update malah hilang lokasi phnya di kota saya bagaimana saya mau pesan nih hadehhhh,habis update malah hilang lokasi phnya kota bagaimana mau pesan hadehhhh,"['habis', 'update', 'malah', 'hilang', 'lokasi', 'phnya', 'kota', 'bagaimana', 'mau', 'pesan', 'hadehhhh']"
aplikasi ampaslag mululog out sendiri mulumau pesanan tidak bisa mencetmalas,"['aplikasi', 'ampaslag', 'mululog', 'out', 'sendiri', 'mulumau', 'pesanan', 'tidak', 'bisa', 'mencetmalas']",aplikasi ampaslag mululog out sendiri mulumau pesan tidak bisa mencetmalas,aplikasi ampaslag mululog out sendiri mulumau pesan mencetmalas,"['aplikasi', 'ampaslag', 'mululog', 'out', 'sendiri', 'mulumau', 'pesan', 'mencetmalas']"
sejauh ini bagus tapi setelah di update gratis  cheezy pizza karena terlambat anter ya hilang jadi bingung aneh,"['sejauh', 'ini', 'bagus', 'tapi', 'setelah', 'di', 'update', 'gratis', 'cheezy', 'pizza', 'karena', 'terlambat', 'anter', 'ya', 'hilang', 'jadi', 'bingung', 'aneh']",jauh ini bagus tapi telah di update gratis cheezy pizza karena lambat anter ya hilang jadi bingung aneh,jauh bagus update gratis cheezy pizza lambat anter hilang bingung aneh,"['jauh', 'bagus', 'update', 'gratis', 'cheezy', 'pizza', 'lambat', 'anter', 'hilang', 'bingung', 'aneh']"
mantul,['mantul'],mantul,mantul,['mantul']
promo dihapus kocak,"['promo', 'dihapus', 'kocak']",promo hapus kocak,promo hapus kocak,"['promo', 'hapus', 'kocak']"
phd mekarwangi pelayanan buruk kalau tidak mau bikinin pizza tidak usah kerja di pizza hut pembeli beli pizza tidak dibikinin oneng tidak niat kerja loh,"['phd', 'mekarwangi', 'pelayanan', 'buruk', 'kalau', 'tidak', 'mau', 'bikinin', 'pizza', 'tidak', 'usah', 'kerja', 'di', 'pizza', 'hut', 'pembeli', 'beli', 'pizza', 'tidak', 'dibikinin', 'oneng', 'tidak', 'niat', 'kerja', 'loh']",phd mekarwangi layan buruk kalau tidak mau bikinin pizza tidak usah kerja di pizza hut beli beli pizza tidak dibikinin oneng tidak niat kerja loh,phd mekarwangi layan buruk mau bikinin pizza usah kerja pizza hut beli beli pizza dibikinin oneng niat kerja loh,"['phd', 'mekarwangi', 'layan', 'buruk', 'mau', 'bikinin', 'pizza', 'usah', 'kerja', 'pizza', 'hut', 'beli', 'beli', 'pizza', 'dibikinin', 'oneng', 'niat', 'kerja', 'loh']"
tiba tiba tidak bisa download,"['tiba', 'tiba', 'tidak', 'bisa', 'download']",tiba tiba tidak bisa download,tiba tiba download,"['tiba', 'tiba', 'download']"
masa pas di halaman data diri dan alamat nya oas di pencet pilih outket kaga bisa terus ngybisa pencet konfir juga bisa nya cancel sama kembali saja ,"['masa', 'pas', 'di', 'halaman', 'data', 'diri', 'dan', 'alamat', 'nya', 'oas', 'di', 'pencet', 'pilih', 'outket', 'kaga', 'bisa', 'terus', 'ngybisa', 'pencet', 'konfir', 'juga', 'bisa', 'nya', 'cancel', 'sama', 'kembali', 'saja']",masa pas di halaman data diri dan alamat nya oas di pencet pilih outket kaga bisa terus ngybisa pencet konfir juga bisa nya cancel sama kembali saja,masa pas halaman data diri alamat oas pencet pilih outket kaga terus ngybisa pencet konfir cancel,"['masa', 'pas', 'halaman', 'data', 'diri', 'alamat', 'oas', 'pencet', 'pilih', 'outket', 'kaga', 'terus', 'ngybisa', 'pencet', 'konfir', 'cancel']"
aplikasi buruk tidak bisa di klik sering error,"['aplikasi', 'buruk', 'tidak', 'bisa', 'di', 'klik', 'sering', 'error']",aplikasi buruk tidak bisa di klik sering error,aplikasi buruk klik sering error,"['aplikasi', 'buruk', 'klik', 'sering', 'error']"
update terbaru malah error tampilan pesanan hilang pembayaran banking cuma bca va tolong ditambahkan untuk pembayaran,"['update', 'terbaru', 'malah', 'error', 'tampilan', 'pesanan', 'hilang', 'pembayaran', 'banking', 'cuma', 'bca', 'va', 'tolong', 'ditambahkan', 'untuk', 'pembayaran']",update baru malah error tampil pesan hilang bayar banking cuma bca va tolong tambah untuk bayar,update baru malah error tampil pesan hilang bayar banking bca va tambah bayar,"['update', 'baru', 'malah', 'error', 'tampil', 'pesan', 'hilang', 'bayar', 'banking', 'bca', 'va', 'tambah', 'bayar']"
pelayanannya tidak ramah kurang memuaskan,"['pelayanannya', 'tidak', 'ramah', 'kurang', 'memuaskan']",layan tidak ramah kurang muas,layan ramah kurang muas,"['layan', 'ramah', 'kurang', 'muas']"
bagus sangat  promonya,"['bagus', 'sangat', 'promonya']",bagus sangat promonya,bagus sangat promonya,"['bagus', 'sangat', 'promonya']"
apa ini besar saja  namanya management dan sistem nya busuk pesanan sudah berhasil tidak di kasih kan lucu kalau nyalahin ya jangan customer tapi management dan sistem nya yang  buruk,"['apa', 'ini', 'besar', 'saja', 'namanya', 'management', 'dan', 'sistem', 'nya', 'busuk', 'pesanan', 'sudah', 'berhasil', 'tidak', 'di', 'kasih', 'kan', 'lucu', 'kalau', 'nyalahin', 'ya', 'jangan', 'customer', 'tapi', 'management', 'dan', 'sistem', 'nya', 'yang', 'buruk']",apa ini besar saja nama management dan sistem nya busuk pesan sudah hasil tidak di kasih kan lucu kalau nyalahin ya jangan customer tapi management dan sistem nya yang buruk,apa besar nama management sistem busuk pesan hasil kasih kan lucu nyalahin jangan customer management sistem buruk,"['apa', 'besar', 'nama', 'management', 'sistem', 'busuk', 'pesan', 'hasil', 'kasih', 'kan', 'lucu', 'nyalahin', 'jangan', 'customer', 'management', 'sistem', 'buruk']"
dengan adanya aplikasi ini jadi lebih terbantu bisa pesan dulu tinggal ambil sesuai jam yang  kita inginkan,"['dengan', 'adanya', 'aplikasi', 'ini', 'jadi', 'lebih', 'terbantu', 'bisa', 'pesan', 'dulu', 'tinggal', 'ambil', 'sesuai', 'jam', 'yang', 'kita', 'inginkan']",dengan ada aplikasi ini jadi lebih bantu bisa pesan dulu tinggal ambil sesuai jam yang kita ingin,aplikasi lebih bantu pesan dulu tinggal ambil sesuai jam,"['aplikasi', 'lebih', 'bantu', 'pesan', 'dulu', 'tinggal', 'ambil', 'sesuai', 'jam']"
mayan lah,"['mayan', 'lah']",mayan lah,mayan lah,"['mayan', 'lah']"
bobrok,['bobrok'],bobrok,bobrok,['bobrok']
kita di jebak,"['kita', 'di', 'jebak']",kita di jebak,jebak,['jebak']
sudah bisa digunakan,"['sudah', 'bisa', 'digunakan']",sudah bisa guna,,[]
memudahkan dalam  pesanan tapi kalau  bisa kasih voucher promo nya jangan yang pengguna baru saja  donk pengguna lama pun kasih free lain,"['memudahkan', 'dalam', 'pesanan', 'tapi', 'kalau', 'bisa', 'kasih', 'voucher', 'promo', 'nya', 'jangan', 'yang', 'pengguna', 'baru', 'saja', 'donk', 'pengguna', 'lama', 'pun', 'kasih', 'free', 'lain']",mudah dalam pesan tapi kalau bisa kasih voucher promo nya jangan yang guna baru saja donk guna lama pun kasih free lain,mudah pesan kasih voucher promo jangan baru donk lama kasih free,"['mudah', 'pesan', 'kasih', 'voucher', 'promo', 'jangan', 'baru', 'donk', 'lama', 'kasih', 'free']"
bagux,['bagux'],bagux,bagux,['bagux']
aplikasinya banyak berubah sejak diperbaharui maaf ya ratingnya saya kasih soalnya abis pesan terus  tidak tahu kasih penilaian ratingnga di sebelah mana terus sekarang mah kalau sudah kasih rating tidak dapat  free produk mirip  dulu lebih suka aplikasi yang dulu aza sekarang banyak fiturnya yang  menurut saya tidak penting aza begitu  terus  pas dine in pakai  voucher free coca cola dine ini eh tidak dikasihlebih sulit ini aplikasi dan meyusahkan terus  beli my box sudah ditentuin dari  aplikasi nya yang boxnya,"['aplikasinya', 'banyak', 'berubah', 'sejak', 'diperbaharui', 'maaf', 'ya', 'ratingnya', 'saya', 'kasih', 'soalnya', 'abis', 'pesan', 'terus', 'tidak', 'tahu', 'kasih', 'penilaian', 'ratingnga', 'di', 'sebelah', 'mana', 'terus', 'sekarang', 'mah', 'kalau', 'sudah', 'kasih', 'rating', 'tidak', 'dapat', 'free', 'produk', 'mirip', 'dulu', 'lebih', 'suka', 'aplikasi', 'yang', 'dulu', 'aza', 'sekarang', 'banyak', 'fiturnya', 'yang', 'menurut', 'saya', 'tidak', 'penting', 'aza', 'begitu', 'terus', 'pas', 'dine', 'in', 'pakai', 'voucher', 'free', 'coca', 'cola', 'dine', 'ini', 'eh', 'tidak', 'dikasihlebih', 'sulit', 'ini', 'aplikasi', 'dan', 'meyusahkan', 'terus', 'beli', 'my', 'box', 'sudah', 'ditentuin', 'dari', 'aplikasi', 'nya', 'yang', 'boxnya']",aplikasi banyak ubah sejak baharu maaf ya ratingnya saya kasih soal abis pesan terus tidak tahu kasih nilai ratingnga di belah mana terus sekarang mah kalau sudah kasih rating tidak dapat free produk mirip dulu lebih suka aplikasi yang dulu aza sekarang banyak fiturnya yang turut saya tidak penting aza begitu terus pas dine in pakai voucher free coca cola dine ini eh tidak dikasihlebih sulit ini aplikasi dan meyusahkan terus beli my box sudah ditentuin dari aplikasi nya yang boxnya,aplikasi banyak ubah sejak baharu maaf ratingnya kasih soal abis pesan terus tahu kasih nilai ratingnga belah mana terus sekarang mah kasih rating free produk mirip dulu lebih suka aplikasi dulu aza sekarang banyak fiturnya turut penting aza terus pas dine in pakai voucher free coca cola dine eh dikasihlebih sulit aplikasi meyusahkan terus beli my box ditentuin aplikasi boxnya,"['aplikasi', 'banyak', 'ubah', 'sejak', 'baharu', 'maaf', 'ratingnya', 'kasih', 'soal', 'abis', 'pesan', 'terus', 'tahu', 'kasih', 'nilai', 'ratingnga', 'belah', 'mana', 'terus', 'sekarang', 'mah', 'kasih', 'rating', 'free', 'produk', 'mirip', 'dulu', 'lebih', 'suka', 'aplikasi', 'dulu', 'aza', 'sekarang', 'banyak', 'fiturnya', 'turut', 'penting', 'aza', 'terus', 'pas', 'dine', 'in', 'pakai', 'voucher', 'free', 'coca', 'cola', 'dine', 'eh', 'dikasihlebih', 'sulit', 'aplikasi', 'meyusahkan', 'terus', 'beli', 'my', 'box', 'ditentuin', 'aplikasi', 'boxnya']"
nitip noted tapi gaa di sampaikangaa amanahaku jauh jadi pesan lewat aplikasi tapi gaa amanah,"['nitip', 'noted', 'tapi', 'gaa', 'di', 'sampaikangaa', 'amanahaku', 'jauh', 'jadi', 'pesan', 'lewat', 'aplikasi', 'tapi', 'gaa', 'amanah']",nitip noted tapi gaa di sampaikangaa amanahaku jauh jadi pesan lewat aplikasi tapi gaa amanah,nitip noted gaa sampaikangaa amanahaku jauh pesan lewat aplikasi gaa amanah,"['nitip', 'noted', 'gaa', 'sampaikangaa', 'amanahaku', 'jauh', 'pesan', 'lewat', 'aplikasi', 'gaa', 'amanah']"
tidak bisa scan qr error failed to scan loyality pointnya tidak bisa dipakai ,"['tidak', 'bisa', 'scan', 'qr', 'error', 'failed', 'to', 'scan', 'loyality', 'pointnya', 'tidak', 'bisa', 'dipakai']",tidak bisa scan qr error failed to scan loyality point tidak bisa pakai,scan qr error failed to scan loyality point pakai,"['scan', 'qr', 'error', 'failed', 'to', 'scan', 'loyality', 'point', 'pakai']"
tolong diperbaiki sistem bikin akunnya tidak jelas sekali  ribet lemot,"['tolong', 'diperbaiki', 'sistem', 'bikin', 'akunnya', 'tidak', 'jelas', 'sekali', 'ribet', 'lemot']",tolong baik sistem bikin akun tidak jelas sekali ribet lot,baik sistem bikin akun jelas sekali ribet lot,"['baik', 'sistem', 'bikin', 'akun', 'jelas', 'sekali', 'ribet', 'lot']"
pelayanannya baik,"['pelayanannya', 'baik']",layan baik,layan baik,"['layan', 'baik']"
login dan daftar paling ribet sedunia tidak semua orang pakai  whatsapp konfirmasi chat kode nya juga lama,"['login', 'dan', 'daftar', 'paling', 'ribet', 'sedunia', 'tidak', 'semua', 'orang', 'pakai', 'whatsapp', 'konfirmasi', 'chat', 'kode', 'nya', 'juga', 'lama']",login dan daftar paling ribet dunia tidak semua orang pakai whatsapp konfirmasi chat kode nya juga lama,login daftar paling ribet dunia semua orang pakai whatsapp konfirmasi chat kode lama,"['login', 'daftar', 'paling', 'ribet', 'dunia', 'semua', 'orang', 'pakai', 'whatsapp', 'konfirmasi', 'chat', 'kode', 'lama']"
konyol sudah orang no hp saya tidak pernah daftar saya malah send otp ke saya situ waras orang pesan pizza lewat guest sudah di bayar pizza tidak sampai situ punya aplikasi waras,"['konyol', 'sudah', 'orang', 'no', 'hp', 'saya', 'tidak', 'pernah', 'daftar', 'saya', 'malah', 'send', 'otp', 'ke', 'saya', 'situ', 'waras', 'orang', 'pesan', 'pizza', 'lewat', 'guest', 'sudah', 'di', 'bayar', 'pizza', 'tidak', 'sampai', 'situ', 'punya', 'aplikasi', 'waras']",konyol sudah orang no hp saya tidak pernah daftar saya malah send otp ke saya situ waras orang pesan pizza lewat guest sudah di bayar pizza tidak sampai situ punya aplikasi waras,konyol orang hp pernah daftar malah send otp situ waras orang pesan pizza lewat guest bayar pizza situ punya aplikasi waras,"['konyol', 'orang', 'hp', 'pernah', 'daftar', 'malah', 'send', 'otp', 'situ', 'waras', 'orang', 'pesan', 'pizza', 'lewat', 'guest', 'bayar', 'pizza', 'situ', 'punya', 'aplikasi', 'waras']"
for input string itu apa maksud  nya ya kok setelah disuruh update mlh begitu,"['for', 'input', 'string', 'itu', 'apa', 'maksud', 'nya', 'ya', 'kok', 'setelah', 'disuruh', 'update', 'mlh', 'begitu']",for input string itu apa maksud nya ya kok telah suruh update mlh begitu,for input string apa maksud kok suruh update mlh,"['for', 'input', 'string', 'apa', 'maksud', 'kok', 'suruh', 'update', 'mlh']"
malah susah diupgrade ih,"['malah', 'susah', 'diupgrade', 'ih']",malah susah diupgrade ih,malah susah diupgrade ih,"['malah', 'susah', 'diupgrade', 'ih']"
tidak guna mau login saja  tidak bisa kocak,"['tidak', 'guna', 'mau', 'login', 'saja', 'tidak', 'bisa', 'kocak']",tidak guna mau login saja tidak bisa kocak,mau login kocak,"['mau', 'login', 'kocak']"
saya pesanan di pizza hut kamu liang tolong dong masa tidak ngerti pakai  vocher dine out saya sudah bayar ribu  suruh bayar lagi ngaco,"['saya', 'pesanan', 'di', 'pizza', 'hut', 'kamu', 'liang', 'tolong', 'dong', 'masa', 'tidak', 'ngerti', 'pakai', 'vocher', 'dine', 'out', 'saya', 'sudah', 'bayar', 'ribu', 'suruh', 'bayar', 'lagi', 'ngaco']",saya pesan di pizza hut kamu liang tolong dong masa tidak ngerti pakai vocher dine out saya sudah bayar ribu suruh bayar lagi ngaco,pesan pizza hut liang dong masa ngerti pakai vocher dine out bayar ribu suruh bayar ngaco,"['pesan', 'pizza', 'hut', 'liang', 'dong', 'masa', 'ngerti', 'pakai', 'vocher', 'dine', 'out', 'bayar', 'ribu', 'suruh', 'bayar', 'ngaco']"
enak,['enak'],enak,enak,['enak']
sayangnya saya  tidak bisa menggunakan aplikasi ini lagi karena  hp saya tidak competible,"['sayangnya', 'saya', 'tidak', 'bisa', 'menggunakan', 'aplikasi', 'ini', 'lagi', 'karena', 'hp', 'saya', 'tidak', 'competible']",sayang saya tidak bisa guna aplikasi ini lagi karena hp saya tidak competible,sayang aplikasi hp competible,"['sayang', 'aplikasi', 'hp', 'competible']"
pelayanan sangat tidak memuaskan di pizza hut icon mall gresik baru datang  duduk kelaparan  ingin segera pesanan malah disuruh scan barcode terkendala di kode otp yang  sudah di input ke hp berkali eh liat orang di meja sebelah baru datang  langsung  di layani manual pesanan kan bangke ya kan butuh proses waktu lama kalau  kami di suruh pesan lewat barcode sudah kelaparan  disuruh pesanan sendiri pula lewat barcode taiiiiik,"['pelayanan', 'sangat', 'tidak', 'memuaskan', 'di', 'pizza', 'hut', 'icon', 'mall', 'gresik', 'baru', 'datang', 'duduk', 'kelaparan', 'ingin', 'segera', 'pesanan', 'malah', 'disuruh', 'scan', 'barcode', 'terkendala', 'di', 'kode', 'otp', 'yang', 'sudah', 'di', 'input', 'ke', 'hp', 'berkali', 'eh', 'liat', 'orang', 'di', 'meja', 'sebelah', 'baru', 'datang', 'langsung', 'di', 'layani', 'manual', 'pesanan', 'kan', 'bangke', 'ya', 'kan', 'butuh', 'proses', 'waktu', 'lama', 'kalau', 'kami', 'di', 'suruh', 'pesan', 'lewat', 'barcode', 'sudah', 'kelaparan', 'disuruh', 'pesanan', 'sendiri', 'pula', 'lewat', 'barcode', 'taiiiiik']",layan sangat tidak muas di pizza hut icon mall gresik baru datang duduk lapar ingin segera pesan malah suruh scan barcode kendala di kode otp yang sudah di input ke hp kali eh liat orang di meja belah baru datang langsung di layan manual pesan kan bangke ya kan butuh proses waktu lama kalau kami di suruh pesan lewat barcode sudah lapar suruh pesan sendiri pula lewat barcode taiiiiik,layan sangat muas pizza hut icon mall gresik baru datang duduk lapar segera pesan malah suruh scan barcode kendala kode otp input hp kali eh liat orang meja belah baru datang langsung layan manual pesan kan bangke kan butuh proses waktu lama suruh pesan lewat barcode lapar suruh pesan sendiri lewat barcode taiiiiik,"['layan', 'sangat', 'muas', 'pizza', 'hut', 'icon', 'mall', 'gresik', 'baru', 'datang', 'duduk', 'lapar', 'segera', 'pesan', 'malah', 'suruh', 'scan', 'barcode', 'kendala', 'kode', 'otp', 'input', 'hp', 'kali', 'eh', 'liat', 'orang', 'meja', 'belah', 'baru', 'datang', 'langsung', 'layan', 'manual', 'pesan', 'kan', 'bangke', 'kan', 'butuh', 'proses', 'waktu', 'lama', 'suruh', 'pesan', 'lewat', 'barcode', 'lapar', 'suruh', 'pesan', 'sendiri', 'lewat', 'barcode', 'taiiiiik']"
pesan dengan sangat mudah,"['pesan', 'dengan', 'sangat', 'mudah']",pesan dengan sangat mudah,pesan sangat mudah,"['pesan', 'sangat', 'mudah']"
pelayanan sekarang kurang memuaskan seperti dulu sekarang dapat point cuma sedikit,"['pelayanan', 'sekarang', 'kurang', 'memuaskan', 'seperti', 'dulu', 'sekarang', 'dapat', 'point', 'cuma', 'sedikit']",layan sekarang kurang muas seperti dulu sekarang dapat point cuma sedikit,layan sekarang kurang muas dulu sekarang point sedikit,"['layan', 'sekarang', 'kurang', 'muas', 'dulu', 'sekarang', 'point', 'sedikit']"
aplikasi lemot mau buka outlet yang  dipilih kudu nunggu setengah abad lol,"['aplikasi', 'lemot', 'mau', 'buka', 'outlet', 'yang', 'dipilih', 'kudu', 'nunggu', 'setengah', 'abad', 'lol']",aplikasi lot mau buka outlet yang pilih kudu nunggu tengah abad lol,aplikasi lot mau buka outlet pilih kudu nunggu tengah abad lol,"['aplikasi', 'lot', 'mau', 'buka', 'outlet', 'pilih', 'kudu', 'nunggu', 'tengah', 'abad', 'lol']"
habis update malah tidak bisa login karena  kode otp tidak dikirim padahal sebelum  update enak sangat  loginnya tinggal masukin email sama password lebih ribet lagi kalau  nomor  yang terdaftar tidak terhubung sama whats aplikasi,"['habis', 'update', 'malah', 'tidak', 'bisa', 'login', 'karena', 'kode', 'otp', 'tidak', 'dikirim', 'padahal', 'sebelum', 'update', 'enak', 'sangat', 'loginnya', 'tinggal', 'masukin', 'email', 'sama', 'password', 'lebih', 'ribet', 'lagi', 'kalau', 'nomor', 'yang', 'terdaftar', 'tidak', 'terhubung', 'sama', 'whats', 'aplikasi']",habis update malah tidak bisa login karena kode otp tidak kirim padahal belum update enak sangat loginnya tinggal masukin email sama password lebih ribet lagi kalau nomor yang daftar tidak hubung sama whats aplikasi,habis update malah login kode otp kirim padahal update enak sangat loginnya tinggal masukin email password lebih ribet nomor daftar hubung whats aplikasi,"['habis', 'update', 'malah', 'login', 'kode', 'otp', 'kirim', 'padahal', 'update', 'enak', 'sangat', 'loginnya', 'tinggal', 'masukin', 'email', 'password', 'lebih', 'ribet', 'nomor', 'daftar', 'hubung', 'whats', 'aplikasi']"
orang mau log in di persulit otp tidak di kirim kirim ke saya,"['orang', 'mau', 'log', 'in', 'di', 'persulit', 'otp', 'tidak', 'di', 'kirim', 'kirim', 'ke', 'saya']",orang mau log in di sulit otp tidak di kirim kirim ke saya,orang mau log in sulit otp kirim kirim,"['orang', 'mau', 'log', 'in', 'sulit', 'otp', 'kirim', 'kirim']"
tidak bisa diupdate,"['tidak', 'bisa', 'diupdate']",tidak bisa diupdate,diupdate,['diupdate']
bodoh  sekali  kode verifikasi sms tidak dikirim sudah ditunggu minggu gimana mau login update sekarang malah disuruh verif saya sudah tahu nomornya ilang gimana coba,"['bodoh', 'sekali', 'kode', 'verifikasi', 'sms', 'tidak', 'dikirim', 'sudah', 'ditunggu', 'minggu', 'gimana', 'mau', 'login', 'update', 'sekarang', 'malah', 'disuruh', 'verif', 'saya', 'sudah', 'tahu', 'nomornya', 'ilang', 'gimana', 'coba']",bodoh sekali kode verifikasi sms tidak kirim sudah tunggu minggu gimana mau login update sekarang malah suruh verif saya sudah tahu nomor ilang gimana coba,bodoh sekali kode verifikasi sms kirim tunggu minggu gimana mau login update sekarang malah suruh verif tahu nomor ilang gimana coba,"['bodoh', 'sekali', 'kode', 'verifikasi', 'sms', 'kirim', 'tunggu', 'minggu', 'gimana', 'mau', 'login', 'update', 'sekarang', 'malah', 'suruh', 'verif', 'tahu', 'nomor', 'ilang', 'gimana', 'coba']"
sekarang  hanya bisa di akses untuk  android hp buriq tidak bisa akses aplikasi ini lagi,"['sekarang', 'hanya', 'bisa', 'di', 'akses', 'untuk', 'android', 'hp', 'buriq', 'tidak', 'bisa', 'akses', 'aplikasi', 'ini', 'lagi']",sekarang hanya bisa di akses untuk android hp buriq tidak bisa akses aplikasi ini lagi,sekarang akses android hp buriq akses aplikasi,"['sekarang', 'akses', 'android', 'hp', 'buriq', 'akses', 'aplikasi']"
mau delivery tapi selalu dibilang tidak ada pizza hut di area terdekat padahal jarak rumah saya  sama pizza hut terdekat cuma meter,"['mau', 'delivery', 'tapi', 'selalu', 'dibilang', 'tidak', 'ada', 'pizza', 'hut', 'di', 'area', 'terdekat', 'padahal', 'jarak', 'rumah', 'saya', 'sama', 'pizza', 'hut', 'terdekat', 'cuma', 'meter']",mau delivery tapi selalu bilang tidak ada pizza hut di area dekat padahal jarak rumah saya sama pizza hut dekat cuma meter,mau delivery selalu bilang pizza hut area dekat padahal jarak rumah pizza hut dekat meter,"['mau', 'delivery', 'selalu', 'bilang', 'pizza', 'hut', 'area', 'dekat', 'padahal', 'jarak', 'rumah', 'pizza', 'hut', 'dekat', 'meter']"
lebih suka aplikasi yang lama pakai aplikasi baru kemarin tidak bisa cek posisi pengiriman penukaran point tidak bisa pilih  point lebih dari langsung  otomatis redeem pizza,"['lebih', 'suka', 'aplikasi', 'yang', 'lama', 'pakai', 'aplikasi', 'baru', 'kemarin', 'tidak', 'bisa', 'cek', 'posisi', 'pengiriman', 'penukaran', 'point', 'tidak', 'bisa', 'pilih', 'point', 'lebih', 'dari', 'langsung', 'otomatis', 'redeem', 'pizza']",lebih suka aplikasi yang lama pakai aplikasi baru kemarin tidak bisa cek posisi kirim tukar point tidak bisa pilih point lebih dari langsung otomatis redeem pizza,lebih suka aplikasi lama pakai aplikasi baru kemarin cek posisi kirim tukar point pilih point lebih langsung otomatis redeem pizza,"['lebih', 'suka', 'aplikasi', 'lama', 'pakai', 'aplikasi', 'baru', 'kemarin', 'cek', 'posisi', 'kirim', 'tukar', 'point', 'pilih', 'point', 'lebih', 'langsung', 'otomatis', 'redeem', 'pizza']"
tidak bisa dibukaaneh,"['tidak', 'bisa', 'dibukaaneh']",tidak bisa dibukaaneh,dibukaaneh,['dibukaaneh']
the best pokoknya dengan aplikasi ini mempermudah kita mendapat info menu baru ataupun promo dan kita juga lebih mudah kalau  mau beli,"['the', 'best', 'pokoknya', 'dengan', 'aplikasi', 'ini', 'mempermudah', 'kita', 'mendapat', 'info', 'menu', 'baru', 'ataupun', 'promo', 'dan', 'kita', 'juga', 'lebih', 'mudah', 'kalau', 'mau', 'beli']",the best pokok dengan aplikasi ini mudah kita dapat info menu baru atau promo dan kita juga lebih mudah kalau mau beli,the best pokok aplikasi mudah info menu baru promo lebih mudah mau beli,"['the', 'best', 'pokok', 'aplikasi', 'mudah', 'info', 'menu', 'baru', 'promo', 'lebih', 'mudah', 'mau', 'beli']"
masa tiba aplikasi sudah tidak bisa terus  bagaimana  sma poin yang  sudah trkumpul,"['masa', 'tiba', 'aplikasi', 'sudah', 'tidak', 'bisa', 'terus', 'bagaimana', 'sma', 'poin', 'yang', 'sudah', 'trkumpul']",masa tiba aplikasi sudah tidak bisa terus bagaimana sma poin yang sudah trkumpul,masa tiba aplikasi terus bagaimana sma poin trkumpul,"['masa', 'tiba', 'aplikasi', 'terus', 'bagaimana', 'sma', 'poin', 'trkumpul']"
sulit daftar langsung email,"['sulit', 'daftar', 'langsung', 'email']",sulit daftar langsung email,sulit daftar langsung email,"['sulit', 'daftar', 'langsung', 'email']"
asik tapi membingungkan,"['asik', 'tapi', 'membingungkan']",asik tapi bingung,asik bingung,"['asik', 'bingung']"
sangat ramah penjual nya,"['sangat', 'ramah', 'penjual', 'nya']",sangat ramah jual nya,sangat ramah jual,"['sangat', 'ramah', 'jual']"
minimal ada menu nya lah,"['minimal', 'ada', 'menu', 'nya', 'lah']",minimal ada menu nya lah,minimal menu lah,"['minimal', 'menu', 'lah']"
kenapa saat mau menukarkan slice tidak bisa,"['kenapa', 'saat', 'mau', 'menukarkan', 'slice', 'tidak', 'bisa']",kenapa saat mau tukar slice tidak bisa,mau tukar slice,"['mau', 'tukar', 'slice']"
sekarang ko tipis pizzanya tidak seperti dulu,"['sekarang', 'ko', 'tipis', 'pizzanya', 'tidak', 'seperti', 'dulu']",sekarang ko tipis pizzanya tidak seperti dulu,sekarang ko tipis pizzanya dulu,"['sekarang', 'ko', 'tipis', 'pizzanya', 'dulu']"
mau update tidak bisa,"['mau', 'update', 'tidak', 'bisa']",mau update tidak bisa,mau update,"['mau', 'update']"
mantap semakin banyak varian,"['mantap', 'semakin', 'banyak', 'varian']",mantap makin banyak varian,mantap makin banyak varian,"['mantap', 'makin', 'banyak', 'varian']"
aplikasi bilang pin gopay saya salah saya hampir tiap hari pakai gopay kamu bilang salah pengiriman tanpa peta ini membingungkan,"['aplikasi', 'bilang', 'pin', 'gopay', 'saya', 'salah', 'saya', 'hampir', 'tiap', 'hari', 'pakai', 'gopay', 'kamu', 'bilang', 'salah', 'pengiriman', 'tanpa', 'peta', 'ini', 'membingungkan']",aplikasi bilang pin gopay saya salah saya hampir tiap hari pakai gopay kamu bilang salah kirim tanpa peta ini bingung,aplikasi bilang pin gopay salah hampir tiap hari pakai gopay bilang salah kirim peta bingung,"['aplikasi', 'bilang', 'pin', 'gopay', 'salah', 'hampir', 'tiap', 'hari', 'pakai', 'gopay', 'bilang', 'salah', 'kirim', 'peta', 'bingung']"
good job versi terbarunya lebih bagus,"['good', 'job', 'versi', 'terbarunya', 'lebih', 'bagus']",good job versi baru lebih bagus,good job versi baru lebih bagus,"['good', 'job', 'versi', 'baru', 'lebih', 'bagus']"
setelah di update kenapa jadi tidak bisa dipakai malah sekarang ada tulisan perangkat tidak lagi didukung,"['setelah', 'di', 'update', 'kenapa', 'jadi', 'tidak', 'bisa', 'dipakai', 'malah', 'sekarang', 'ada', 'tulisan', 'perangkat', 'tidak', 'lagi', 'didukung']",telah di update kenapa jadi tidak bisa pakai malah sekarang ada tulis perangkat tidak lagi dukung,update pakai malah sekarang tulis perangkat dukung,"['update', 'pakai', 'malah', 'sekarang', 'tulis', 'perangkat', 'dukung']"
aplikasinya bagus pelayanannya terbaik,"['aplikasinya', 'bagus', 'pelayanannya', 'terbaik']",aplikasi bagus layan baik,aplikasi bagus layan baik,"['aplikasi', 'bagus', 'layan', 'baik']"
capai  deket rumah saya ada outlet terdekat tapi aplikasi maksain kalau alamat pemesanan dari jakarta padahal address saya juga sudah saya save dan usaha ganti ,"['capai', 'deket', 'rumah', 'saya', 'ada', 'outlet', 'terdekat', 'tapi', 'aplikasi', 'maksain', 'kalau', 'alamat', 'pemesanan', 'dari', 'jakarta', 'padahal', 'address', 'saya', 'juga', 'sudah', 'saya', 'save', 'dan', 'usaha', 'ganti']",capai deket rumah saya ada outlet dekat tapi aplikasi maksain kalau alamat mesan dari jakarta padahal address saya juga sudah saya save dan usaha ganti,capai deket rumah outlet dekat aplikasi maksain alamat mesan jakarta padahal address save usaha ganti,"['capai', 'deket', 'rumah', 'outlet', 'dekat', 'aplikasi', 'maksain', 'alamat', 'mesan', 'jakarta', 'padahal', 'address', 'save', 'usaha', 'ganti']"
pembaruan nya sudah bagus untuk pembaruan ui interface nya saya suka tapi tolong bagian status bar nya di perbaiki lagi karena  setiap saya baru buka aplikasi nya bagian status bar nya masih hitam terima kasih,"['pembaruan', 'nya', 'sudah', 'bagus', 'untuk', 'pembaruan', 'ui', 'interface', 'nya', 'saya', 'suka', 'tapi', 'tolong', 'bagian', 'status', 'bar', 'nya', 'di', 'perbaiki', 'lagi', 'karena', 'setiap', 'saya', 'baru', 'buka', 'aplikasi', 'nya', 'bagian', 'status', 'bar', 'nya', 'masih', 'hitam', 'terima', 'kasih']",baru nya sudah bagus untuk baru ui interface nya saya suka tapi tolong bagi status bar nya di baik lagi karena tiap saya baru buka aplikasi nya bagi status bar nya masih hitam terima kasih,baru bagus baru ui interface suka status bar baik tiap baru buka aplikasi status bar hitam terima kasih,"['baru', 'bagus', 'baru', 'ui', 'interface', 'suka', 'status', 'bar', 'baik', 'tiap', 'baru', 'buka', 'aplikasi', 'status', 'bar', 'hitam', 'terima', 'kasih']"
habis di update malah ngaco pembayaran pakai ovo gopay malah tidak bisa diselesaikan bagusan tidak usah di update,"['habis', 'di', 'update', 'malah', 'ngaco', 'pembayaran', 'pakai', 'ovo', 'gopay', 'malah', 'tidak', 'bisa', 'diselesaikan', 'bagusan', 'tidak', 'usah', 'di', 'update']",habis di update malah ngaco bayar pakai ovo gopay malah tidak bisa selesai bagus tidak usah di update,habis update malah ngaco bayar pakai ovo gopay malah selesai bagus usah update,"['habis', 'update', 'malah', 'ngaco', 'bayar', 'pakai', 'ovo', 'gopay', 'malah', 'selesai', 'bagus', 'usah', 'update']"
pelayanannya bagus sekali mantap,"['pelayanannya', 'bagus', 'sekali', 'mantap']",layan bagus sekali mantap,layan bagus sekali mantap,"['layan', 'bagus', 'sekali', 'mantap']"
setelah di update saya tidak bisa pesan delivery kecewa sekali ,"['setelah', 'di', 'update', 'saya', 'tidak', 'bisa', 'pesan', 'delivery', 'kecewa', 'sekali']",telah di update saya tidak bisa pesan delivery kecewa sekali,update pesan delivery kecewa sekali,"['update', 'pesan', 'delivery', 'kecewa', 'sekali']"
fitur scan qr cuma pajangan,"['fitur', 'scan', 'qr', 'cuma', 'pajangan']",fitur scan qr cuma pajang,fitur scan qr pajang,"['fitur', 'scan', 'qr', 'pajang']"
bagus dan puas,"['bagus', 'dan', 'puas']",bagus dan puas,bagus puas,"['bagus', 'puas']"
saya kecewa dengan  pelayanan pizzakhususnya daerah papua selatan mandala merauke bisa nya nomor kontak saya di blok oleh merekapadahal biasa nya kami sekeluarga pesan lewat via gatalog saya pun bisatapi kenapa  di saat penting kami pesannomor kami di blok parah sih,"['saya', 'kecewa', 'dengan', 'pelayanan', 'pizzakhususnya', 'daerah', 'papua', 'selatan', 'mandala', 'merauke', 'bisa', 'nya', 'nomor', 'kontak', 'saya', 'di', 'blok', 'oleh', 'merekapadahal', 'biasa', 'nya', 'kami', 'sekeluarga', 'pesan', 'lewat', 'via', 'gatalog', 'saya', 'pun', 'bisatapi', 'kenapa', 'di', 'saat', 'penting', 'kami', 'pesannomor', 'kami', 'di', 'blok', 'parah', 'sih']",saya kecewa dengan layan pizzakhususnya daerah papua selatan mandala merauke bisa nya nomor kontak saya di blok oleh merekapadahal biasa nya kami keluarga pesan lewat via gatalog saya pun bisatapi kenapa di saat penting kami pesannomor kami di blok parah sih,kecewa layan pizzakhususnya daerah papua selatan mandala merauke nomor kontak blok merekapadahal biasa keluarga pesan lewat via gatalog bisatapi penting pesannomor blok parah sih,"['kecewa', 'layan', 'pizzakhususnya', 'daerah', 'papua', 'selatan', 'mandala', 'merauke', 'nomor', 'kontak', 'blok', 'merekapadahal', 'biasa', 'keluarga', 'pesan', 'lewat', 'via', 'gatalog', 'bisatapi', 'penting', 'pesannomor', 'blok', 'parah', 'sih']"
tidak pernah bosan  dengan pizza hut meskipun banyak pizza yang  lain namun pizza hut selalu memberi rasa yang khas inovasi rasanya sungguh membuat suasana menjadi ceria,"['tidak', 'pernah', 'bosan', 'dengan', 'pizza', 'hut', 'meskipun', 'banyak', 'pizza', 'yang', 'lain', 'namun', 'pizza', 'hut', 'selalu', 'memberi', 'rasa', 'yang', 'khas', 'inovasi', 'rasanya', 'sungguh', 'membuat', 'suasana', 'menjadi', 'ceria']",tidak pernah bosan dengan pizza hut meski banyak pizza yang lain namun pizza hut selalu beri rasa yang khas inovasi rasa sungguh buat suasana jadi ceria,pernah bosan pizza hut meski banyak pizza pizza hut selalu beri rasa khas inovasi rasa sungguh suasana ceria,"['pernah', 'bosan', 'pizza', 'hut', 'meski', 'banyak', 'pizza', 'pizza', 'hut', 'selalu', 'beri', 'rasa', 'khas', 'inovasi', 'rasa', 'sungguh', 'suasana', 'ceria']"
sekarang pengiriman sering lebih dari  dan tidak ada voucher padahal dulu  jarang terlambat kalau  terlambat pun diberi voucher,"['sekarang', 'pengiriman', 'sering', 'lebih', 'dari', 'dan', 'tidak', 'ada', 'voucher', 'padahal', 'dulu', 'jarang', 'terlambat', 'kalau', 'terlambat', 'pun', 'diberi', 'voucher']",sekarang kirim sering lebih dari dan tidak ada voucher padahal dulu jarang lambat kalau lambat pun beri voucher,sekarang kirim sering lebih voucher padahal dulu jarang lambat lambat beri voucher,"['sekarang', 'kirim', 'sering', 'lebih', 'voucher', 'padahal', 'dulu', 'jarang', 'lambat', 'lambat', 'beri', 'voucher']"
membatu saya sangat  apa lagi buat saya yang  orang males untuk keluar rumah dan pelayanan nya juga cepat  sangat  sangat membantu saya terimakasih phd,"['membatu', 'saya', 'sangat', 'apa', 'lagi', 'buat', 'saya', 'yang', 'orang', 'males', 'untuk', 'keluar', 'rumah', 'dan', 'pelayanan', 'nya', 'juga', 'cepat', 'sangat', 'sangat', 'membantu', 'saya', 'terimakasih', 'phd']",batu saya sangat apa lagi buat saya yang orang males untuk keluar rumah dan layan nya juga cepat sangat sangat bantu saya terimakasih phd,batu sangat apa orang males keluar rumah layan cepat sangat sangat bantu terimakasih phd,"['batu', 'sangat', 'apa', 'orang', 'males', 'keluar', 'rumah', 'layan', 'cepat', 'sangat', 'sangat', 'bantu', 'terimakasih', 'phd']"
enak pesan lewat aplikasi jadi tidak nunggu lama,"['enak', 'pesan', 'lewat', 'aplikasi', 'jadi', 'tidak', 'nunggu', 'lama']",enak pesan lewat aplikasi jadi tidak nunggu lama,enak pesan lewat aplikasi nunggu lama,"['enak', 'pesan', 'lewat', 'aplikasi', 'nunggu', 'lama']"
pertahankan yang  sudah baik,"['pertahankan', 'yang', 'sudah', 'baik']",tahan yang sudah baik,tahan baik,"['tahan', 'baik']"
mudah dipahami,"['mudah', 'dipahami']",mudah paham,mudah paham,"['mudah', 'paham']"
good aps,"['good', 'aps']",good aps,good aps,"['good', 'aps']"
menyenangkam,['menyenangkam'],menyenangkam,menyenangkam,['menyenangkam']
yes yes yes yes yes,"['yes', 'yes', 'yes', 'yes', 'yes']",yes yes yes yes yes,yes yes yes yes yes,"['yes', 'yes', 'yes', 'yes', 'yes']"
banyak bonusnya dan poinnya bisa ditukar dengan makanan pengiriman cepat terima kasih pizza hut,"['banyak', 'bonusnya', 'dan', 'poinnya', 'bisa', 'ditukar', 'dengan', 'makanan', 'pengiriman', 'cepat', 'terima', 'kasih', 'pizza', 'hut']",banyak bonus dan poin bisa tukar dengan makan kirim cepat terima kasih pizza hut,banyak bonus poin tukar makan kirim cepat terima kasih pizza hut,"['banyak', 'bonus', 'poin', 'tukar', 'makan', 'kirim', 'cepat', 'terima', 'kasih', 'pizza', 'hut']"
pelayanannya perfect,"['pelayanannya', 'perfect']",layan perfect,layan perfect,"['layan', 'perfect']"
lumayan membantu,"['lumayan', 'membantu']",lumayan bantu,lumayan bantu,"['lumayan', 'bantu']"
aplikasi rusak tidak bisa login tidak bisa daftar akun bikin password salah terus pas lihat ulasan lain permasalahannya sama tidak pernah diperbaiki ya,"['aplikasi', 'rusak', 'tidak', 'bisa', 'login', 'tidak', 'bisa', 'daftar', 'akun', 'bikin', 'password', 'salah', 'terus', 'pas', 'lihat', 'ulasan', 'lain', 'permasalahannya', 'sama', 'tidak', 'pernah', 'diperbaiki', 'ya']",aplikasi rusak tidak bisa login tidak bisa daftar akun bikin password salah terus pas lihat ulas lain masalah sama tidak pernah baik ya,aplikasi rusak login daftar akun bikin password salah terus pas lihat ulas masalah pernah baik,"['aplikasi', 'rusak', 'login', 'daftar', 'akun', 'bikin', 'password', 'salah', 'terus', 'pas', 'lihat', 'ulas', 'masalah', 'pernah', 'baik']"
pokoknya aplikasi pizza hut ini ngebantu sekali  pokoknya kereennn,"['pokoknya', 'aplikasi', 'pizza', 'hut', 'ini', 'ngebantu', 'sekali', 'pokoknya', 'kereennn']",pokok aplikasi pizza hut ini ngebantu sekali pokok kereennn,pokok aplikasi pizza hut ngebantu sekali pokok kereennn,"['pokok', 'aplikasi', 'pizza', 'hut', 'ngebantu', 'sekali', 'pokok', 'kereennn']"
sangat best,"['sangat', 'best']",sangat best,sangat best,"['sangat', 'best']"
great,['great'],great,great,['great']
aplikasi yang  memudahkan saya untuk makan makanan favorit saya dan keluarga diperbanyak promonya ya good good pizza,"['aplikasi', 'yang', 'memudahkan', 'saya', 'untuk', 'makan', 'makanan', 'favorit', 'saya', 'dan', 'keluarga', 'diperbanyak', 'promonya', 'ya', 'good', 'good', 'pizza']",aplikasi yang mudah saya untuk makan makan favorit saya dan keluarga banyak promonya ya good good pizza,aplikasi mudah makan makan favorit keluarga banyak promonya good good pizza,"['aplikasi', 'mudah', 'makan', 'makan', 'favorit', 'keluarga', 'banyak', 'promonya', 'good', 'good', 'pizza']"
sangat bagus,"['sangat', 'bagus']",sangat bagus,sangat bagus,"['sangat', 'bagus']"
sangat membantu untuk pembelian delivery pesanan,"['sangat', 'membantu', 'untuk', 'pembelian', 'delivery', 'pesanan']",sangat bantu untuk beli delivery pesan,sangat bantu beli delivery pesan,"['sangat', 'bantu', 'beli', 'delivery', 'pesan']"
cepat nyaman ramah karyawannya,"['cepat', 'nyaman', 'ramah', 'karyawannya']",cepat nyaman ramah karyawannya,cepat nyaman ramah karyawannya,"['cepat', 'nyaman', 'ramah', 'karyawannya']"
jos,['jos'],jos,jos,['jos']
enakk bangettt,"['enakk', 'bangettt']",enakk bangettt,enakk bangettt,"['enakk', 'bangettt']"
di pangkal pinang bangka belitung aplikasi kaya tidak guna sudah pesanan takway via aplikasi pas datang karyawannya kaget tidak tahu boro harapan tinggal ambil malah baru dibikin dipantau pesanan diaplikasinya tidak update prosesnya sampai mana karyawannya tidak ramah malah kaya takut ditanya takut nglayani cs mungkin beranggapan bukan job nya merasa sudah ada tugas masing astimasi di aplikasi selesai sampai terima selisih menit,"['di', 'pangkal', 'pinang', 'bangka', 'belitung', 'aplikasi', 'kaya', 'tidak', 'guna', 'sudah', 'pesanan', 'takway', 'via', 'aplikasi', 'pas', 'datang', 'karyawannya', 'kaget', 'tidak', 'tahu', 'boro', 'harapan', 'tinggal', 'ambil', 'malah', 'baru', 'dibikin', 'dipantau', 'pesanan', 'diaplikasinya', 'tidak', 'update', 'prosesnya', 'sampai', 'mana', 'karyawannya', 'tidak', 'ramah', 'malah', 'kaya', 'takut', 'ditanya', 'takut', 'nglayani', 'cs', 'mungkin', 'beranggapan', 'bukan', 'job', 'nya', 'merasa', 'sudah', 'ada', 'tugas', 'masing', 'astimasi', 'di', 'aplikasi', 'selesai', 'sampai', 'terima', 'selisih', 'menit']",di pangkal pinang bangka belitung aplikasi kaya tidak guna sudah pesan takway via aplikasi pas datang karyawannya kaget tidak tahu boro harap tinggal ambil malah baru bikin pantau pesan aplikasi tidak update proses sampai mana karyawannya tidak ramah malah kaya takut tanya takut nglayani cs mungkin anggap bukan job nya rasa sudah ada tugas masing astimasi di aplikasi selesai sampai terima selisih menit,pangkal pinang bangka belitung aplikasi kaya pesan takway via aplikasi pas datang karyawannya kaget tahu boro harap tinggal ambil malah baru bikin pantau pesan aplikasi update proses mana karyawannya ramah malah kaya takut tanya takut nglayani cs mungkin anggap bukan job rasa tugas masing astimasi aplikasi selesai terima selisih menit,"['pangkal', 'pinang', 'bangka', 'belitung', 'aplikasi', 'kaya', 'pesan', 'takway', 'via', 'aplikasi', 'pas', 'datang', 'karyawannya', 'kaget', 'tahu', 'boro', 'harap', 'tinggal', 'ambil', 'malah', 'baru', 'bikin', 'pantau', 'pesan', 'aplikasi', 'update', 'proses', 'mana', 'karyawannya', 'ramah', 'malah', 'kaya', 'takut', 'tanya', 'takut', 'nglayani', 'cs', 'mungkin', 'anggap', 'bukan', 'job', 'rasa', 'tugas', 'masing', 'astimasi', 'aplikasi', 'selesai', 'terima', 'selisih', 'menit']"
lumayan,['lumayan'],lumayan,lumayan,['lumayan']
aplikasi terburukmau pesan pizza saja  di persulit,"['aplikasi', 'terburukmau', 'pesan', 'pizza', 'saja', 'di', 'persulit']",aplikasi terburukmau pesan pizza saja di sulit,aplikasi terburukmau pesan pizza sulit,"['aplikasi', 'terburukmau', 'pesan', 'pizza', 'sulit']"
aplikasi ini mempermudah,"['aplikasi', 'ini', 'mempermudah']",aplikasi ini mudah,aplikasi mudah,"['aplikasi', 'mudah']"
bagus terupdate promonya banyak promonya cuma sayang kadang  kalau lagi update aplikasi jadi tidak bisa pesan via aplikasi,"['bagus', 'terupdate', 'promonya', 'banyak', 'promonya', 'cuma', 'sayang', 'kadang', 'kalau', 'lagi', 'update', 'aplikasi', 'jadi', 'tidak', 'bisa', 'pesan', 'via', 'aplikasi']",bagus terupdate promonya banyak promonya cuma sayang kadang kalau lagi update aplikasi jadi tidak bisa pesan via aplikasi,bagus terupdate promonya banyak promonya sayang update aplikasi pesan via aplikasi,"['bagus', 'terupdate', 'promonya', 'banyak', 'promonya', 'sayang', 'update', 'aplikasi', 'pesan', 'via', 'aplikasi']"
good aplikasi,"['good', 'aplikasi']",good aplikasi,good aplikasi,"['good', 'aplikasi']"
my favorite food,"['my', 'favorite', 'food']",my favorite food,my favorite food,"['my', 'favorite', 'food']"
aplikasi lemot sekali  mau pesan tidak jadi karena aplikasi lemot sekali  pilihan menu juga tidak ada,"['aplikasi', 'lemot', 'sekali', 'mau', 'pesan', 'tidak', 'jadi', 'karena', 'aplikasi', 'lemot', 'sekali', 'pilihan', 'menu', 'juga', 'tidak', 'ada']",aplikasi lot sekali mau pesan tidak jadi karena aplikasi lot sekali pilih menu juga tidak ada,aplikasi lot sekali mau pesan aplikasi lot sekali pilih menu,"['aplikasi', 'lot', 'sekali', 'mau', 'pesan', 'aplikasi', 'lot', 'sekali', 'pilih', 'menu']"
pelayanan nya top markotop,"['pelayanan', 'nya', 'top', 'markotop']",layan nya top markotop,layan top markotop,"['layan', 'top', 'markotop']"
sign up ribet dibanding aplikasi makanan lainnya,"['sign', 'up', 'ribet', 'dibanding', 'aplikasi', 'makanan', 'lainnya']",sign up ribet banding aplikasi makan lain,sign up ribet banding aplikasi makan,"['sign', 'up', 'ribet', 'banding', 'aplikasi', 'makan']"
mau login susah sekali  reset password sudah dikasih email masih juga tidak dikirim sudah kali,"['mau', 'login', 'susah', 'sekali', 'reset', 'password', 'sudah', 'dikasih', 'email', 'masih', 'juga', 'tidak', 'dikirim', 'sudah', 'kali']",mau login susah sekali reset password sudah kasih email masih juga tidak kirim sudah kali,mau login susah sekali reset password kasih email kirim kali,"['mau', 'login', 'susah', 'sekali', 'reset', 'password', 'kasih', 'email', 'kirim', 'kali']"
aplikasi pizza hut ini susah sekali buat register setelah register kemudian log in dan disuruh nulis otp tetapi di email tidak ada konfirmasinya tolong kasih tahu cara dapat  otp gimana ya,"['aplikasi', 'pizza', 'hut', 'ini', 'susah', 'sekali', 'buat', 'register', 'setelah', 'register', 'kemudian', 'log', 'in', 'dan', 'disuruh', 'nulis', 'otp', 'tetapi', 'di', 'email', 'tidak', 'ada', 'konfirmasinya', 'tolong', 'kasih', 'tahu', 'cara', 'dapat', 'otp', 'gimana', 'ya']",aplikasi pizza hut ini susah sekali buat register telah register kemudian log in dan suruh nulis otp tetapi di email tidak ada konfirmasi tolong kasih tahu cara dapat otp gimana ya,aplikasi pizza hut susah sekali register register kemudian log in suruh nulis otp email konfirmasi kasih tahu cara otp gimana,"['aplikasi', 'pizza', 'hut', 'susah', 'sekali', 'register', 'register', 'kemudian', 'log', 'in', 'suruh', 'nulis', 'otp', 'email', 'konfirmasi', 'kasih', 'tahu', 'cara', 'otp', 'gimana']"
aplikasi ininsangat membantu,"['aplikasi', 'ininsangat', 'membantu']",aplikasi ininsangat bantu,aplikasi ininsangat bantu,"['aplikasi', 'ininsangat', 'bantu']"
aplikasi lucu mau login saja  ribet sangat ,"['aplikasi', 'lucu', 'mau', 'login', 'saja', 'ribet', 'sangat']",aplikasi lucu mau login saja ribet sangat,aplikasi lucu mau login ribet sangat,"['aplikasi', 'lucu', 'mau', 'login', 'ribet', 'sangat']"
ini gimana sii sudah pakai  nomor beda bolak balik masih tetap  saja  kode otp tidak muncul,"['ini', 'gimana', 'sii', 'sudah', 'pakai', 'nomor', 'beda', 'bolak', 'balik', 'masih', 'tetap', 'saja', 'kode', 'otp', 'tidak', 'muncul']",ini gimana sii sudah pakai nomor beda bolak balik masih tetap saja kode otp tidak muncul,gimana sii pakai nomor beda bolak balik tetap kode otp muncul,"['gimana', 'sii', 'pakai', 'nomor', 'beda', 'bolak', 'balik', 'tetap', 'kode', 'otp', 'muncul']"
daftar saja  susah otp tidak dikirim kirim,"['daftar', 'saja', 'susah', 'otp', 'tidak', 'dikirim', 'kirim']",daftar saja susah otp tidak kirim kirim,daftar susah otp kirim kirim,"['daftar', 'susah', 'otp', 'kirim', 'kirim']"
delivery on time dan ramah,"['delivery', 'on', 'time', 'dan', 'ramah']",delivery on time dan ramah,delivery on time ramah,"['delivery', 'on', 'time', 'ramah']"
tidak di kirim code otp,"['tidak', 'di', 'kirim', 'code', 'otp']",tidak di kirim code otp,kirim code otp,"['kirim', 'code', 'otp']"
oookehh,['oookehh'],oookehh,oookehh,['oookehh']
sangat membantu sekali,"['sangat', 'membantu', 'sekali']",sangat bantu sekali,sangat bantu sekali,"['sangat', 'bantu', 'sekali']"
mudah di gunakan dan banyak promo,"['mudah', 'di', 'gunakan', 'dan', 'banyak', 'promo']",mudah di guna dan banyak promo,mudah banyak promo,"['mudah', 'banyak', 'promo']"
asik asik,"['asik', 'asik']",asik asik,asik asik,"['asik', 'asik']"
susah digunakan tidak responsif,"['susah', 'digunakan', 'tidak', 'responsif']",susah guna tidak responsif,susah responsif,"['susah', 'responsif']"
aplikasi sampahsulit sekali daftar tidak bisa bisa,"['aplikasi', 'sampahsulit', 'sekali', 'daftar', 'tidak', 'bisa', 'bisa']",aplikasi sampahsulit sekali daftar tidak bisa bisa,aplikasi sampahsulit sekali daftar,"['aplikasi', 'sampahsulit', 'sekali', 'daftar']"
untuk urusan pizza ya pizza hut yang  paling sesuai dengan seleraku,"['untuk', 'urusan', 'pizza', 'ya', 'pizza', 'hut', 'yang', 'paling', 'sesuai', 'dengan', 'seleraku']",untuk urus pizza ya pizza hut yang paling sesuai dengan selera,urus pizza pizza hut paling sesuai selera,"['urus', 'pizza', 'pizza', 'hut', 'paling', 'sesuai', 'selera']"
rasa enaknya tidak pernah berubah terus berinovasi dan kereeen,"['rasa', 'enaknya', 'tidak', 'pernah', 'berubah', 'terus', 'berinovasi', 'dan', 'kereeen']",rasa enak tidak pernah ubah terus inovasi dan kereeen,rasa enak pernah ubah terus inovasi kereeen,"['rasa', 'enak', 'pernah', 'ubah', 'terus', 'inovasi', 'kereeen']"
aplikasi tidak jelas forget password tidak bisa email konfirmasi tidak muncul muncul buat akun baru tidak bisa password tidak memenuhi kriteria padahal sudah disesuaikan,"['aplikasi', 'tidak', 'jelas', 'forget', 'password', 'tidak', 'bisa', 'email', 'konfirmasi', 'tidak', 'muncul', 'muncul', 'buat', 'akun', 'baru', 'tidak', 'bisa', 'password', 'tidak', 'memenuhi', 'kriteria', 'padahal', 'sudah', 'disesuaikan']",aplikasi tidak jelas forget password tidak bisa email konfirmasi tidak muncul muncul buat akun baru tidak bisa password tidak penuh kriteria padahal sudah sesuai,aplikasi jelas forget password email konfirmasi muncul muncul akun baru password penuh kriteria padahal sesuai,"['aplikasi', 'jelas', 'forget', 'password', 'email', 'konfirmasi', 'muncul', 'muncul', 'akun', 'baru', 'password', 'penuh', 'kriteria', 'padahal', 'sesuai']"
lucu jawaban cs dari whatsapp selama saya  pesan memang tak bermasalah bulan  ags bermasalah dengan  ukuran pizza tak bisa pesanan yang  large hy disediakan reguler pas di tanya jawaban cs cab jemb v sedang  kosong lahh mang adonan pizza kosong resto masih bisa jualan kah pas pesanan saya  kasih  note hy jual reguler dan saat ini masih  sama hy ada reguler saya  ganti outlet cab lain pun tetap sama artinya tidak ada solusi diam stagnan hy kata maaf tak bisa bantu tak ada perbaikan kembali aplikasinya terima kasih,"['lucu', 'jawaban', 'cs', 'dari', 'whatsapp', 'selama', 'saya', 'pesan', 'memang', 'tak', 'bermasalah', 'bulan', 'ags', 'bermasalah', 'dengan', 'ukuran', 'pizza', 'tak', 'bisa', 'pesanan', 'yang', 'large', 'hy', 'disediakan', 'reguler', 'pas', 'di', 'tanya', 'jawaban', 'cs', 'cab', 'jemb', 'v', 'sedang', 'kosong', 'lahh', 'mang', 'adonan', 'pizza', 'kosong', 'resto', 'masih', 'bisa', 'jualan', 'kah', 'pas', 'pesanan', 'saya', 'kasih', 'note', 'hy', 'jual', 'reguler', 'dan', 'saat', 'ini', 'masih', 'sama', 'hy', 'ada', 'reguler', 'saya', 'ganti', 'outlet', 'cab', 'lain', 'pun', 'tetap', 'sama', 'artinya', 'tidak', 'ada', 'solusi', 'diam', 'stagnan', 'hy', 'kata', 'maaf', 'tak', 'bisa', 'bantu', 'tak', 'ada', 'perbaikan', 'kembali', 'aplikasinya', 'terima', 'kasih']",lucu jawab cs dari whatsapp lama saya pesan memang tak masalah bulan ags masalah dengan ukur pizza tak bisa pesan yang large hy sedia reguler pas di tanya jawab cs cab jemb v sedang kosong lahh mang adon pizza kosong resto masih bisa jual kah pas pesan saya kasih note hy jual reguler dan saat ini masih sama hy ada reguler saya ganti outlet cab lain pun tetap sama arti tidak ada solusi diam stagnan hy kata maaf tak bisa bantu tak ada baik kembali aplikasi terima kasih,lucu jawab cs whatsapp lama pesan memang tak masalah bulan ags masalah ukur pizza tak pesan large hy sedia reguler pas tanya jawab cs cab jemb v sedang kosong lahh mang adon pizza kosong resto jual pas pesan kasih note hy jual reguler hy reguler ganti outlet cab tetap arti solusi diam stagnan hy kata maaf tak bantu tak baik aplikasi terima kasih,"['lucu', 'jawab', 'cs', 'whatsapp', 'lama', 'pesan', 'memang', 'tak', 'masalah', 'bulan', 'ags', 'masalah', 'ukur', 'pizza', 'tak', 'pesan', 'large', 'hy', 'sedia', 'reguler', 'pas', 'tanya', 'jawab', 'cs', 'cab', 'jemb', 'v', 'sedang', 'kosong', 'lahh', 'mang', 'adon', 'pizza', 'kosong', 'resto', 'jual', 'pas', 'pesan', 'kasih', 'note', 'hy', 'jual', 'reguler', 'hy', 'reguler', 'ganti', 'outlet', 'cab', 'tetap', 'arti', 'solusi', 'diam', 'stagnan', 'hy', 'kata', 'maaf', 'tak', 'bantu', 'tak', 'baik', 'aplikasi', 'terima', 'kasih']"
oke good,"['oke', 'good']",oke good,oke good,"['oke', 'good']"
bikin akun susah sekali  tidak jadi jadi otp tidak dikirim verivikasi email tidak dikirim tolol,"['bikin', 'akun', 'susah', 'sekali', 'tidak', 'jadi', 'jadi', 'otp', 'tidak', 'dikirim', 'verivikasi', 'email', 'tidak', 'dikirim', 'tolol']",bikin akun susah sekali tidak jadi jadi otp tidak kirim verivikasi email tidak kirim tolol,bikin akun susah sekali otp kirim verivikasi email kirim tolol,"['bikin', 'akun', 'susah', 'sekali', 'otp', 'kirim', 'verivikasi', 'email', 'kirim', 'tolol']"
good service place and the waiters,"['good', 'service', 'place', 'and', 'the', 'waiters']",good service place and the waiters,good service place and the waiters,"['good', 'service', 'place', 'and', 'the', 'waiters']"
jadi tidak bisa log in,"['jadi', 'tidak', 'bisa', 'log', 'in']",jadi tidak bisa log in,log in,"['log', 'in']"
memangnya masih ada promo yakoq login katanya salah paswordketakutan ambil  promo yahahahahahaauto uninstal,"['memangnya', 'masih', 'ada', 'promo', 'yakoq', 'login', 'katanya', 'salah', 'paswordketakutan', 'ambil', 'promo', 'yahahahahahaauto', 'uninstal']",memang masih ada promo yakoq login kata salah paswordketakutan ambil promo yahahahahahaauto uninstal,memang promo yakoq login kata salah paswordketakutan ambil promo yahahahahahaauto uninstal,"['memang', 'promo', 'yakoq', 'login', 'kata', 'salah', 'paswordketakutan', 'ambil', 'promo', 'yahahahahahaauto', 'uninstal']"
jossa,['jossa'],jossa,jossa,['jossa']
bagus bisa tahu promo dan tanpa antre,"['bagus', 'bisa', 'tahu', 'promo', 'dan', 'tanpa', 'antre']",bagus bisa tahu promo dan tanpa antre,bagus tahu promo antre,"['bagus', 'tahu', 'promo', 'antre']"
aplikasi mudah digunakan dan cepat,"['aplikasi', 'mudah', 'digunakan', 'dan', 'cepat']",aplikasi mudah guna dan cepat,aplikasi mudah cepat,"['aplikasi', 'mudah', 'cepat']"
aplikasi bapuk beberapa kali install suruh masukin kode otp ke saya tidak masuk kodenya kesal ,"['aplikasi', 'bapuk', 'beberapa', 'kali', 'install', 'suruh', 'masukin', 'kode', 'otp', 'ke', 'saya', 'tidak', 'masuk', 'kodenya', 'kesal']",aplikasi bapuk beberapa kali install suruh masukin kode otp ke saya tidak masuk kode kesal,aplikasi bapuk beberapa kali install suruh masukin kode otp masuk kode kesal,"['aplikasi', 'bapuk', 'beberapa', 'kali', 'install', 'suruh', 'masukin', 'kode', 'otp', 'masuk', 'kode', 'kesal']"
aplikasinya mudah digunakan,"['aplikasinya', 'mudah', 'digunakan']",aplikasi mudah guna,aplikasi mudah,"['aplikasi', 'mudah']"
error,['error'],error,error,['error']
akun tekeluar tidak bisa login kembali nunggu kode otp lewat whatsapp tapi tidak masuk sudah lama sekali  sampai dicoba beda beda hari bagaimana solusinya padahal banyak sekali  poinnya kan sayang  harusnya bisa ditukarkan tapi karena  tidak bisa login jadi tidak bisa,"['akun', 'tekeluar', 'tidak', 'bisa', 'login', 'kembali', 'nunggu', 'kode', 'otp', 'lewat', 'whatsapp', 'tapi', 'tidak', 'masuk', 'sudah', 'lama', 'sekali', 'sampai', 'dicoba', 'beda', 'beda', 'hari', 'bagaimana', 'solusinya', 'padahal', 'banyak', 'sekali', 'poinnya', 'kan', 'sayang', 'harusnya', 'bisa', 'ditukarkan', 'tapi', 'karena', 'tidak', 'bisa', 'login', 'jadi', 'tidak', 'bisa']",akun tekeluar tidak bisa login kembali nunggu kode otp lewat whatsapp tapi tidak masuk sudah lama sekali sampai coba beda beda hari bagaimana solusi padahal banyak sekali poin kan sayang harus bisa tukar tapi karena tidak bisa login jadi tidak bisa,akun tekeluar login nunggu kode otp lewat whatsapp masuk lama sekali coba beda beda hari bagaimana solusi padahal banyak sekali poin kan sayang tukar login,"['akun', 'tekeluar', 'login', 'nunggu', 'kode', 'otp', 'lewat', 'whatsapp', 'masuk', 'lama', 'sekali', 'coba', 'beda', 'beda', 'hari', 'bagaimana', 'solusi', 'padahal', 'banyak', 'sekali', 'poin', 'kan', 'sayang', 'tukar', 'login']"
kirim otp ke nomor saya kenapa tidak bisa terus ya saya mau login saja  susah sangat  deh,"['kirim', 'otp', 'ke', 'nomor', 'saya', 'kenapa', 'tidak', 'bisa', 'terus', 'ya', 'saya', 'mau', 'login', 'saja', 'susah', 'sangat', 'deh']",kirim otp ke nomor saya kenapa tidak bisa terus ya saya mau login saja susah sangat deh,kirim otp nomor terus mau login susah sangat,"['kirim', 'otp', 'nomor', 'terus', 'mau', 'login', 'susah', 'sangat']"
nyusahin nih aplikasi,"['nyusahin', 'nih', 'aplikasi']",nyusahin nih aplikasi,nyusahin aplikasi,"['nyusahin', 'aplikasi']"
aplikasinya sering error mohon harap di perbarui aplikasi terutama pas melihat history nya dan paymentnya terima kasih,"['aplikasinya', 'sering', 'error', 'mohon', 'harap', 'di', 'perbarui', 'aplikasi', 'terutama', 'pas', 'melihat', 'history', 'nya', 'dan', 'paymentnya', 'terima', 'kasih']",aplikasi sering error mohon harap di baru aplikasi utama pas lihat history nya dan paymentnya terima kasih,aplikasi sering error mohon harap baru aplikasi utama pas lihat history paymentnya terima kasih,"['aplikasi', 'sering', 'error', 'mohon', 'harap', 'baru', 'aplikasi', 'utama', 'pas', 'lihat', 'history', 'paymentnya', 'terima', 'kasih']"
friendly aplikasi,"['friendly', 'aplikasi']",friendly aplikasi,friendly aplikasi,"['friendly', 'aplikasi']"
kode otpnya tidak masuk masuk ke saya saya padahal sudah benar nomornya jadi susah login,"['kode', 'otpnya', 'tidak', 'masuk', 'masuk', 'ke', 'saya', 'saya', 'padahal', 'sudah', 'benar', 'nomornya', 'jadi', 'susah', 'login']",kode otpnya tidak masuk masuk ke saya saya padahal sudah benar nomor jadi susah login,kode otpnya masuk masuk padahal benar nomor susah login,"['kode', 'otpnya', 'masuk', 'masuk', 'padahal', 'benar', 'nomor', 'susah', 'login']"
good aplikasigampang dan banyak bonus dan bonusnyamantap mantap sekali,"['good', 'aplikasigampang', 'dan', 'banyak', 'bonus', 'dan', 'bonusnyamantap', 'mantap', 'sekali']",good aplikasigampang dan banyak bonus dan bonusnyamantap mantap sekali,good aplikasigampang banyak bonus bonusnyamantap mantap sekali,"['good', 'aplikasigampang', 'banyak', 'bonus', 'bonusnyamantap', 'mantap', 'sekali']"
aplikasi nya cacat om masa salah terus di pasword padahal sudah mengikuti arahan,"['aplikasi', 'nya', 'cacat', 'om', 'masa', 'salah', 'terus', 'di', 'pasword', 'padahal', 'sudah', 'mengikuti', 'arahan']",aplikasi nya cacat om masa salah terus di pasword padahal sudah ikut arah,aplikasi cacat om masa salah terus pasword padahal ikut arah,"['aplikasi', 'cacat', 'om', 'masa', 'salah', 'terus', 'pasword', 'padahal', 'ikut', 'arah']"
mau bikin akun saja sulitnya minta ampunlebih mudah dan gampang aplikasi punya pizza gaplek maaf tidak jadi daftarnot recommended,"['mau', 'bikin', 'akun', 'saja', 'sulitnya', 'minta', 'ampunlebih', 'mudah', 'dan', 'gampang', 'aplikasi', 'punya', 'pizza', 'gaplek', 'maaf', 'tidak', 'jadi', 'daftarnot', 'recommended']",mau bikin akun saja sulit minta ampunlebih mudah dan gampang aplikasi punya pizza gaplek maaf tidak jadi daftarnot recommended,mau bikin akun sulit minta ampunlebih mudah gampang aplikasi punya pizza gaplek maaf daftarnot recommended,"['mau', 'bikin', 'akun', 'sulit', 'minta', 'ampunlebih', 'mudah', 'gampang', 'aplikasi', 'punya', 'pizza', 'gaplek', 'maaf', 'daftarnot', 'recommended']"
aplikasinya sudah bagus tapi kedepannya semoga aplikasinya bisa digunakan untuk seluruh store pizza di indonesia bukan cuma domisili pendaftaran aplikasi,"['aplikasinya', 'sudah', 'bagus', 'tapi', 'kedepannya', 'semoga', 'aplikasinya', 'bisa', 'digunakan', 'untuk', 'seluruh', 'store', 'pizza', 'di', 'indonesia', 'bukan', 'cuma', 'domisili', 'pendaftaran', 'aplikasi']",aplikasi sudah bagus tapi depan moga aplikasi bisa guna untuk seluruh store pizza di indonesia bukan cuma domisili daftar aplikasi,aplikasi bagus depan moga aplikasi seluruh store pizza indonesia bukan domisili daftar aplikasi,"['aplikasi', 'bagus', 'depan', 'moga', 'aplikasi', 'seluruh', 'store', 'pizza', 'indonesia', 'bukan', 'domisili', 'daftar', 'aplikasi']"
suka sekali  sama  program nya yang  sat set tanpa nge lag pertahankan ya,"['suka', 'sekali', 'sama', 'program', 'nya', 'yang', 'sat', 'set', 'tanpa', 'nge', 'lag', 'pertahankan', 'ya']",suka sekali sama program nya yang sat set tanpa nge lag tahan ya,suka sekali program sat set nge lag tahan,"['suka', 'sekali', 'program', 'sat', 'set', 'nge', 'lag', 'tahan']"
easy to use,"['easy', 'to', 'use']",easy to use,easy to use,"['easy', 'to', 'use']"
pesan menu pizza hut jadi lebih mudah dan banyak promonya recommended,"['pesan', 'menu', 'pizza', 'hut', 'jadi', 'lebih', 'mudah', 'dan', 'banyak', 'promonya', 'recommended']",pesan menu pizza hut jadi lebih mudah dan banyak promonya recommended,pesan menu pizza hut lebih mudah banyak promonya recommended,"['pesan', 'menu', 'pizza', 'hut', 'lebih', 'mudah', 'banyak', 'promonya', 'recommended']"
aplikasi tolol,"['aplikasi', 'tolol']",aplikasi tolol,aplikasi tolol,"['aplikasi', 'tolol']"
heran mau beli saja  dipersulit orang tuh mau beli bukan minta gratis harus isi otp tapi ditunggu otp tidak ada yang  dikirim sampai minta resend otp x tetap  tidak ada saya yang  masuk eh pas coba  mau beli lagi jawabnya sudah  tidak bisa karena  sudah  mibta otp x plisss deh tutup saja  tidak usah jualan gedeg sangat  saya,"['heran', 'mau', 'beli', 'saja', 'dipersulit', 'orang', 'tuh', 'mau', 'beli', 'bukan', 'minta', 'gratis', 'harus', 'isi', 'otp', 'tapi', 'ditunggu', 'otp', 'tidak', 'ada', 'yang', 'dikirim', 'sampai', 'minta', 'resend', 'otp', 'x', 'tetap', 'tidak', 'ada', 'saya', 'yang', 'masuk', 'eh', 'pas', 'coba', 'mau', 'beli', 'lagi', 'jawabnya', 'sudah', 'tidak', 'bisa', 'karena', 'sudah', 'mibta', 'otp', 'x', 'plisss', 'deh', 'tutup', 'saja', 'tidak', 'usah', 'jualan', 'gedeg', 'sangat', 'saya']",heran mau beli saja sulit orang tuh mau beli bukan minta gratis harus isi otp tapi tunggu otp tidak ada yang kirim sampai minta resend otp x tetap tidak ada saya yang masuk eh pas coba mau beli lagi jawab sudah tidak bisa karena sudah mibta otp x plisss deh tutup saja tidak usah jual gedeg sangat saya,heran mau beli sulit orang tuh mau beli bukan minta gratis isi otp tunggu otp kirim minta resend otp x tetap masuk eh pas coba mau beli jawab mibta otp x plisss tutup usah jual gedeg sangat,"['heran', 'mau', 'beli', 'sulit', 'orang', 'tuh', 'mau', 'beli', 'bukan', 'minta', 'gratis', 'isi', 'otp', 'tunggu', 'otp', 'kirim', 'minta', 'resend', 'otp', 'x', 'tetap', 'masuk', 'eh', 'pas', 'coba', 'mau', 'beli', 'jawab', 'mibta', 'otp', 'x', 'plisss', 'tutup', 'usah', 'jual', 'gedeg', 'sangat']"
kasih promo lebih banyak dong,"['kasih', 'promo', 'lebih', 'banyak', 'dong']",kasih promo lebih banyak dong,kasih promo lebih banyak dong,"['kasih', 'promo', 'lebih', 'banyak', 'dong']"
ngirimin otp untuk verifikasi saja  sulit sekali  email dn nomor telepon padahal sudah betul,"['ngirimin', 'otp', 'untuk', 'verifikasi', 'saja', 'sulit', 'sekali', 'email', 'dn', 'nomor', 'telepon', 'padahal', 'sudah', 'betul']",ngirimin otp untuk verifikasi saja sulit sekali email dn nomor telepon padahal sudah betul,ngirimin otp verifikasi sulit sekali email dn nomor telepon padahal betul,"['ngirimin', 'otp', 'verifikasi', 'sulit', 'sekali', 'email', 'dn', 'nomor', 'telepon', 'padahal', 'betul']"
aplikasinya good menunya juga uptodate bagus buat saya yang suka cek promo dan menu baru di pizza hut bagus dan memudahkan bintang bintang bintang bintang bintang pizza hut,"['aplikasinya', 'good', 'menunya', 'juga', 'uptodate', 'bagus', 'buat', 'saya', 'yang', 'suka', 'cek', 'promo', 'dan', 'menu', 'baru', 'di', 'pizza', 'hut', 'bagus', 'dan', 'memudahkan', 'bintang', 'bintang', 'bintang', 'bintang', 'bintang', 'pizza', 'hut']",aplikasi good menu juga uptodate bagus buat saya yang suka cek promo dan menu baru di pizza hut bagus dan mudah bintang bintang bintang bintang bintang pizza hut,aplikasi good menu uptodate bagus suka cek promo menu baru pizza hut bagus mudah bintang bintang bintang bintang bintang pizza hut,"['aplikasi', 'good', 'menu', 'uptodate', 'bagus', 'suka', 'cek', 'promo', 'menu', 'baru', 'pizza', 'hut', 'bagus', 'mudah', 'bintang', 'bintang', 'bintang', 'bintang', 'bintang', 'pizza', 'hut']"
applikasinya jadi memudahkan customer untuk melakukan pesanan dengan cepat,"['applikasinya', 'jadi', 'memudahkan', 'customer', 'untuk', 'melakukan', 'pesanan', 'dengan', 'cepat']",applikasinya jadi mudah customer untuk laku pesan dengan cepat,applikasinya mudah customer laku pesan cepat,"['applikasinya', 'mudah', 'customer', 'laku', 'pesan', 'cepat']"
aplikasinya bagus,"['aplikasinya', 'bagus']",aplikasi bagus,aplikasi bagus,"['aplikasi', 'bagus']"
lezatt,['lezatt'],lezatt,lezatt,['lezatt']
sangat membantu dalam pemesanan dan promo,"['sangat', 'membantu', 'dalam', 'pemesanan', 'dan', 'promo']",sangat bantu dalam mesan dan promo,sangat bantu mesan promo,"['sangat', 'bantu', 'mesan', 'promo']"
aplikasi lemot,"['aplikasi', 'lemot']",aplikasi lot,aplikasi lot,"['aplikasi', 'lot']"
praktis,['praktis'],praktis,praktis,['praktis']
mau tanya  kakuntuk di kabupaten pati kenapa pizza tidak bisa di pesanan via aplikasi shopee food,"['mau', 'tanya', 'kakuntuk', 'di', 'kabupaten', 'pati', 'kenapa', 'pizza', 'tidak', 'bisa', 'di', 'pesanan', 'via', 'aplikasi', 'shopee', 'food']",mau tanya kakuntuk di kabupaten pati kenapa pizza tidak bisa di pesan via aplikasi shopee food,mau tanya kakuntuk kabupaten pati pizza pesan via aplikasi shopee food,"['mau', 'tanya', 'kakuntuk', 'kabupaten', 'pati', 'pizza', 'pesan', 'via', 'aplikasi', 'shopee', 'food']"
gampang dan cepat pesannya lebih banyak lagi promonya,"['gampang', 'dan', 'cepat', 'pesannya', 'lebih', 'banyak', 'lagi', 'promonya']",gampang dan cepat pesan lebih banyak lagi promonya,gampang cepat pesan lebih banyak promonya,"['gampang', 'cepat', 'pesan', 'lebih', 'banyak', 'promonya']"
mempermudah pemesanan,"['mempermudah', 'pemesanan']",mudah mesan,mudah mesan,"['mudah', 'mesan']"
selalu jadi pilihan pertama,"['selalu', 'jadi', 'pilihan', 'pertama']",selalu jadi pilih pertama,selalu pilih pertama,"['selalu', 'pilih', 'pertama']"
responsive never failed ada benefitnya juga lho pesanan kali ini di bagian voucher dapat  free lasagna mantapp saran supaya promo bank juga bisa diapply di apps ini,"['responsive', 'never', 'failed', 'ada', 'benefitnya', 'juga', 'lho', 'pesanan', 'kali', 'ini', 'di', 'bagian', 'voucher', 'dapat', 'free', 'lasagna', 'mantapp', 'saran', 'supaya', 'promo', 'bank', 'juga', 'bisa', 'diapply', 'di', 'apps', 'ini']",responsive never failed ada benefitnya juga lho pesan kali ini di bagi voucher dapat free lasagna mantapp saran supaya promo bank juga bisa diapply di apps ini,responsive never failed benefitnya lho pesan kali voucher free lasagna mantapp saran promo bank diapply apps,"['responsive', 'never', 'failed', 'benefitnya', 'lho', 'pesan', 'kali', 'voucher', 'free', 'lasagna', 'mantapp', 'saran', 'promo', 'bank', 'diapply', 'apps']"
ini aplikasi paling sulit yang pernah saya download saya mencoba daftar berkali kali tetap tidak bisa masuk email asli nomor  hp juga asli tetap  tidak bisa daftar silahkan diperbaiki atau banyak orang akan pindah aplikasi produk pizza yang  lain,"['ini', 'aplikasi', 'paling', 'sulit', 'yang', 'pernah', 'saya', 'download', 'saya', 'mencoba', 'daftar', 'berkali', 'kali', 'tetap', 'tidak', 'bisa', 'masuk', 'email', 'asli', 'nomor', 'hp', 'juga', 'asli', 'tetap', 'tidak', 'bisa', 'daftar', 'silahkan', 'diperbaiki', 'atau', 'banyak', 'orang', 'akan', 'pindah', 'aplikasi', 'produk', 'pizza', 'yang', 'lain']",ini aplikasi paling sulit yang pernah saya download saya coba daftar kali kali tetap tidak bisa masuk email asli nomor hp juga asli tetap tidak bisa daftar silah baik atau banyak orang akan pindah aplikasi produk pizza yang lain,aplikasi paling sulit pernah download coba daftar kali kali tetap masuk email asli nomor hp asli tetap daftar silah baik banyak orang pindah aplikasi produk pizza,"['aplikasi', 'paling', 'sulit', 'pernah', 'download', 'coba', 'daftar', 'kali', 'kali', 'tetap', 'masuk', 'email', 'asli', 'nomor', 'hp', 'asli', 'tetap', 'daftar', 'silah', 'baik', 'banyak', 'orang', 'pindah', 'aplikasi', 'produk', 'pizza']"
sangat membantu bonusnya banyak harus download,"['sangat', 'membantu', 'bonusnya', 'banyak', 'harus', 'download']",sangat bantu bonus banyak harus download,sangat bantu bonus banyak download,"['sangat', 'bantu', 'bonus', 'banyak', 'download']"
aplikasi rusak tidak bisa login ew,"['aplikasi', 'rusak', 'tidak', 'bisa', 'login', 'ew']",aplikasi rusak tidak bisa login ew,aplikasi rusak login ew,"['aplikasi', 'rusak', 'login', 'ew']"
mantab dapat bonus,"['mantab', 'dapat', 'bonus']",mantab dapat bonus,mantab bonus,"['mantab', 'bonus']"
selalu tepat waktu,"['selalu', 'tepat', 'waktu']",selalu tepat waktu,selalu tepat waktu,"['selalu', 'tepat', 'waktu']"
ini aplikasi paling parah kirim kode otp saja  tidak  masuk heran tidak ada perbaikan sama sekali murah kali ya aplikasi nya,"['ini', 'aplikasi', 'paling', 'parah', 'kirim', 'kode', 'otp', 'saja', 'tidak', 'masuk', 'heran', 'tidak', 'ada', 'perbaikan', 'sama', 'sekali', 'murah', 'kali', 'ya', 'aplikasi', 'nya']",ini aplikasi paling parah kirim kode otp saja tidak masuk heran tidak ada baik sama sekali murah kali ya aplikasi nya,aplikasi paling parah kirim kode otp masuk heran baik sekali murah kali aplikasi,"['aplikasi', 'paling', 'parah', 'kirim', 'kode', 'otp', 'masuk', 'heran', 'baik', 'sekali', 'murah', 'kali', 'aplikasi']"
pizza hut enak sangat ,"['pizza', 'hut', 'enak', 'sangat']",pizza hut enak sangat,pizza hut enak sangat,"['pizza', 'hut', 'enak', 'sangat']"
oke sangat ,"['oke', 'sangat']",oke sangat,oke sangat,"['oke', 'sangat']"
tidak bisa masuk kkon,"['tidak', 'bisa', 'masuk', 'kkon']",tidak bisa masuk kkon,masuk kkon,"['masuk', 'kkon']"
great apps,"['great', 'apps']",great apps,great apps,"['great', 'apps']"
oke mantaafff dikasih free dan saoscoklat cup,"['oke', 'mantaafff', 'dikasih', 'free', 'dan', 'saoscoklat', 'cup']",oke mantaafff kasih free dan saoscoklat cup,oke mantaafff kasih free saoscoklat cup,"['oke', 'mantaafff', 'kasih', 'free', 'saoscoklat', 'cup']"
tolong dimaintain aplikasinya suka error contohnya tidak bisa memesan melalui aplikasi dan error pada saat pembayaran dan nyangkut orderannya tolong segera diperbaiki saya pesanan harusnya menit bisa makan waktu menit karena banyak error,"['tolong', 'dimaintain', 'aplikasinya', 'suka', 'error', 'contohnya', 'tidak', 'bisa', 'memesan', 'melalui', 'aplikasi', 'dan', 'error', 'pada', 'saat', 'pembayaran', 'dan', 'nyangkut', 'orderannya', 'tolong', 'segera', 'diperbaiki', 'saya', 'pesanan', 'harusnya', 'menit', 'bisa', 'makan', 'waktu', 'menit', 'karena', 'banyak', 'error']",tolong dimaintain aplikasi suka error contoh tidak bisa mes lalu aplikasi dan error pada saat bayar dan nyangkut order tolong segera baik saya pesan harus menit bisa makan waktu menit karena banyak error,dimaintain aplikasi suka error contoh mes lalu aplikasi error bayar nyangkut order segera baik pesan menit makan waktu menit banyak error,"['dimaintain', 'aplikasi', 'suka', 'error', 'contoh', 'mes', 'lalu', 'aplikasi', 'error', 'bayar', 'nyangkut', 'order', 'segera', 'baik', 'pesan', 'menit', 'makan', 'waktu', 'menit', 'banyak', 'error']"
aplikasi bagus,"['aplikasi', 'bagus']",aplikasi bagus,aplikasi bagus,"['aplikasi', 'bagus']"
dalam pemesanan pizza cukup mudah dan informatif,"['dalam', 'pemesanan', 'pizza', 'cukup', 'mudah', 'dan', 'informatif']",dalam mesan pizza cukup mudah dan informatif,mesan pizza cukup mudah informatif,"['mesan', 'pizza', 'cukup', 'mudah', 'informatif']"
semakin berkembang akurat tawaran minuman gratis tidak ada yang  lain ya saya anti softdrink dalam merek apapun termasuk coca cola,"['semakin', 'berkembang', 'akurat', 'tawaran', 'minuman', 'gratis', 'tidak', 'ada', 'yang', 'lain', 'ya', 'saya', 'anti', 'softdrink', 'dalam', 'merek', 'apapun', 'termasuk', 'coca', 'cola']",makin kembang akurat tawar minum gratis tidak ada yang lain ya saya anti softdrink dalam merek apa masuk coca cola,makin kembang akurat tawar minum gratis anti softdrink merek apa masuk coca cola,"['makin', 'kembang', 'akurat', 'tawar', 'minum', 'gratis', 'anti', 'softdrink', 'merek', 'apa', 'masuk', 'coca', 'cola']"
semakin mudah aplikasinya promonya perbanyak  lagi ya,"['semakin', 'mudah', 'aplikasinya', 'promonya', 'perbanyak', 'lagi', 'ya']",makin mudah aplikasi promonya banyak lagi ya,makin mudah aplikasi promonya banyak,"['makin', 'mudah', 'aplikasi', 'promonya', 'banyak']"
pesanan selalu datang  dalam  kondisi fresh dan tepat waktu,"['pesanan', 'selalu', 'datang', 'dalam', 'kondisi', 'fresh', 'dan', 'tepat', 'waktu']",pesan selalu datang dalam kondisi fresh dan tepat waktu,pesan selalu datang kondisi fresh tepat waktu,"['pesan', 'selalu', 'datang', 'kondisi', 'fresh', 'tepat', 'waktu']"
lebih mudahga antri lagi,"['lebih', 'mudahga', 'antri', 'lagi']",lebih mudahga antri lagi,lebih mudahga antri,"['lebih', 'mudahga', 'antri']"
memudahkan kita menemukan promo yang  lagi on apa saja  dan abis belanja dapat  point lagi untuk ditukarkan dengan menu makanan lagihuaaa keren pokoknya ,"['memudahkan', 'kita', 'menemukan', 'promo', 'yang', 'lagi', 'on', 'apa', 'saja', 'dan', 'abis', 'belanja', 'dapat', 'point', 'lagi', 'untuk', 'ditukarkan', 'dengan', 'menu', 'makanan', 'lagihuaaa', 'keren', 'pokoknya']",mudah kita temu promo yang lagi on apa saja dan abis belanja dapat point lagi untuk tukar dengan menu makan lagihuaaa keren pokok,mudah temu promo on apa abis belanja point tukar menu makan lagihuaaa keren pokok,"['mudah', 'temu', 'promo', 'on', 'apa', 'abis', 'belanja', 'point', 'tukar', 'menu', 'makan', 'lagihuaaa', 'keren', 'pokok']"
mantab,['mantab'],mantab,mantab,['mantab']
okeee sangat ,"['okeee', 'sangat']",okeee sangat,okeee sangat,"['okeee', 'sangat']"
taik lapet aplikasi apa ini minta pass email segala sama no telepon  jadi bikin lambat orang cuma mau liat menu saja  asuu dulu tidak begitu tingal login emal saja  tidak pakai  pass,"['taik', 'lapet', 'aplikasi', 'apa', 'ini', 'minta', 'pass', 'email', 'segala', 'sama', 'no', 'telepon', 'jadi', 'bikin', 'lambat', 'orang', 'cuma', 'mau', 'liat', 'menu', 'saja', 'asuu', 'dulu', 'tidak', 'begitu', 'tingal', 'login', 'emal', 'saja', 'tidak', 'pakai', 'pass']",taik lapet aplikasi apa ini minta pass email segala sama no telepon jadi bikin lambat orang cuma mau liat menu saja asuu dulu tidak begitu tingal login emal saja tidak pakai pass,taik lapet aplikasi apa minta pass email segala telepon bikin lambat orang mau liat menu asuu dulu tingal login emal pakai pass,"['taik', 'lapet', 'aplikasi', 'apa', 'minta', 'pass', 'email', 'segala', 'telepon', 'bikin', 'lambat', 'orang', 'mau', 'liat', 'menu', 'asuu', 'dulu', 'tingal', 'login', 'emal', 'pakai', 'pass']"
perbanyak lagi promonya,"['perbanyak', 'lagi', 'promonya']",banyak lagi promonya,banyak promonya,"['banyak', 'promonya']"
sangat memudahkan,"['sangat', 'memudahkan']",sangat mudah,sangat mudah,"['sangat', 'mudah']"
saran buat owner pizza hut kalau mau konfirmasi itu harus nya lihat riwayat pelanggan burukbaik sangat terganggu,"['saran', 'buat', 'owner', 'pizza', 'hut', 'kalau', 'mau', 'konfirmasi', 'itu', 'harus', 'nya', 'lihat', 'riwayat', 'pelanggan', 'burukbaik', 'sangat', 'terganggu']",saran buat owner pizza hut kalau mau konfirmasi itu harus nya lihat riwayat langgan burukbaik sangat ganggu,saran owner pizza hut mau konfirmasi lihat riwayat langgan burukbaik sangat ganggu,"['saran', 'owner', 'pizza', 'hut', 'mau', 'konfirmasi', 'lihat', 'riwayat', 'langgan', 'burukbaik', 'sangat', 'ganggu']"
tolonglah pizza hut ko perbaikin dulu  aplikasimu jangan hanya menaikkan darah tinggu saja masa harus pesanan pakai aplikasi terus  susah masuk error aplikasi sampah,"['tolonglah', 'pizza', 'hut', 'ko', 'perbaikin', 'dulu', 'aplikasimu', 'jangan', 'hanya', 'menaikkan', 'darah', 'tinggu', 'saja', 'masa', 'harus', 'pesanan', 'pakai', 'aplikasi', 'terus', 'susah', 'masuk', 'error', 'aplikasi', 'sampah']",tolong pizza hut ko perbaikin dulu aplikasi jangan hanya naik darah tinggu saja masa harus pesan pakai aplikasi terus susah masuk error aplikasi sampah,pizza hut ko perbaikin dulu aplikasi jangan naik darah tinggu masa pesan pakai aplikasi terus susah masuk error aplikasi sampah,"['pizza', 'hut', 'ko', 'perbaikin', 'dulu', 'aplikasi', 'jangan', 'naik', 'darah', 'tinggu', 'masa', 'pesan', 'pakai', 'aplikasi', 'terus', 'susah', 'masuk', 'error', 'aplikasi', 'sampah']"
luarbiasa,['luarbiasa'],luarbiasa,luarbiasa,['luarbiasa']
sangat mempermudah,"['sangat', 'mempermudah']",sangat mudah,sangat mudah,"['sangat', 'mudah']"
beli pizza melalui aplikasi banyak reward nya thanks pizza hut indonesia,"['beli', 'pizza', 'melalui', 'aplikasi', 'banyak', 'reward', 'nya', 'thanks', 'pizza', 'hut', 'indonesia']",beli pizza lalu aplikasi banyak reward nya thanks pizza hut indonesia,beli pizza lalu aplikasi banyak reward thanks pizza hut indonesia,"['beli', 'pizza', 'lalu', 'aplikasi', 'banyak', 'reward', 'thanks', 'pizza', 'hut', 'indonesia']"
canggih,['canggih'],canggih,canggih,['canggih']
pesanan cepat di antar,"['pesanan', 'cepat', 'di', 'antar']",pesan cepat di antar,pesan cepat antar,"['pesan', 'cepat', 'antar']"
aplikasi error menu limo pizza tidak mungkin di gourmet,"['aplikasi', 'error', 'menu', 'limo', 'pizza', 'tidak', 'mungkin', 'di', 'gourmet']",aplikasi error menu limo pizza tidak mungkin di gourmet,aplikasi error menu limo pizza mungkin gourmet,"['aplikasi', 'error', 'menu', 'limo', 'pizza', 'mungkin', 'gourmet']"
praktis pesanan by aplikasi pizza hut,"['praktis', 'pesanan', 'by', 'aplikasi', 'pizza', 'hut']",praktis pesan by aplikasi pizza hut,praktis pesan by aplikasi pizza hut,"['praktis', 'pesan', 'by', 'aplikasi', 'pizza', 'hut']"
menu baru melts pizza terlalu enaaaakkkkkk bakal jadi ravorite sih ini,"['menu', 'baru', 'melts', 'pizza', 'terlalu', 'enaaaakkkkkk', 'bakal', 'jadi', 'ravorite', 'sih', 'ini']",menu baru melts pizza terlalu enaaaakkkkkk bakal jadi ravorite sih ini,menu baru melts pizza terlalu enaaaakkkkkk bakal ravorite sih,"['menu', 'baru', 'melts', 'pizza', 'terlalu', 'enaaaakkkkkk', 'bakal', 'ravorite', 'sih']"
tolong tim it nya perbaiki sistem loginnya yang bermasalah dan terlalu ribet menggunakan metode lama,"['tolong', 'tim', 'it', 'nya', 'perbaiki', 'sistem', 'loginnya', 'yang', 'bermasalah', 'dan', 'terlalu', 'ribet', 'menggunakan', 'metode', 'lama']",tolong tim it nya baik sistem loginnya yang masalah dan terlalu ribet guna metode lama,tim baik sistem loginnya masalah terlalu ribet metode lama,"['tim', 'baik', 'sistem', 'loginnya', 'masalah', 'terlalu', 'ribet', 'metode', 'lama']"
ux lumayan baik dan simple sekali ,"['ux', 'lumayan', 'baik', 'dan', 'simple', 'sekali']",ux lumayan baik dan simple sekali,ux lumayan baik simple sekali,"['ux', 'lumayan', 'baik', 'simple', 'sekali']"
mudah pesan pizza lewat aplikasi ini,"['mudah', 'pesan', 'pizza', 'lewat', 'aplikasi', 'ini']",mudah pesan pizza lewat aplikasi ini,mudah pesan pizza lewat aplikasi,"['mudah', 'pesan', 'pizza', 'lewat', 'aplikasi']"
kok ribet ya buat registrasi login tidak berhasil,"['kok', 'ribet', 'ya', 'buat', 'registrasi', 'login', 'tidak', 'berhasil']",kok ribet ya buat registrasi login tidak hasil,kok ribet registrasi login hasil,"['kok', 'ribet', 'registrasi', 'login', 'hasil']"
weeewww instan,"['weeewww', 'instan']",weeewww instan,weeewww instan,"['weeewww', 'instan']"
aplikasi ini sangat membantu untuk pemesanan secara daring atau pun dine in plus mendapat point tambahan untuk ditukarkan sebagai bonus pada pemesanan yang berikutnya,"['aplikasi', 'ini', 'sangat', 'membantu', 'untuk', 'pemesanan', 'secara', 'daring', 'atau', 'pun', 'dine', 'in', 'plus', 'mendapat', 'point', 'tambahan', 'untuk', 'ditukarkan', 'sebagai', 'bonus', 'pada', 'pemesanan', 'yang', 'berikutnya']",aplikasi ini sangat bantu untuk mesan cara daring atau pun dine in plus dapat point tambah untuk tukar bagai bonus pada mesan yang ikut,aplikasi sangat bantu mesan cara daring dine in plus point tambah tukar bagai bonus mesan ikut,"['aplikasi', 'sangat', 'bantu', 'mesan', 'cara', 'daring', 'dine', 'in', 'plus', 'point', 'tambah', 'tukar', 'bagai', 'bonus', 'mesan', 'ikut']"
pokoknya pizza hut maaantul,"['pokoknya', 'pizza', 'hut', 'maaantul']",pokok pizza hut maaantul,pokok pizza hut maaantul,"['pokok', 'pizza', 'hut', 'maaantul']"
simpel,['simpel'],simpel,simpel,['simpel']
pesanan cepat enak dan nyaman,"['pesanan', 'cepat', 'enak', 'dan', 'nyaman']",pesan cepat enak dan nyaman,pesan cepat enak nyaman,"['pesan', 'cepat', 'enak', 'nyaman']"
bed aplikasi sudah kali pakai akun tidak bisa masukk helehhh,"['bed', 'aplikasi', 'sudah', 'kali', 'pakai', 'akun', 'tidak', 'bisa', 'masukk', 'helehhh']",bed aplikasi sudah kali pakai akun tidak bisa masukk helehhh,bed aplikasi kali pakai akun masukk helehhh,"['bed', 'aplikasi', 'kali', 'pakai', 'akun', 'masukk', 'helehhh']"
wenaaak,['wenaaak'],wenaaak,wenaaak,['wenaaak']
selalu puas pesanan pizza di store mangun jaya,"['selalu', 'puas', 'pesanan', 'pizza', 'di', 'store', 'mangun', 'jaya']",selalu puas pesan pizza di store mangun jaya,selalu puas pesan pizza store mangun jaya,"['selalu', 'puas', 'pesan', 'pizza', 'store', 'mangun', 'jaya']"
update agustus mau  coba instal lagi  aplikasi pizza hutternyata mash nyangkut masalah login tidak bisa login dan tidak di kirim otp nya sudah tahun  tidak benar  juga nih resto dominos memang  the best sudah komen tahun aplikasi sampah sudah punya akun pas login masukan otp tapi tidak dikirim melalui wasms sampai batas waktu abis minta lagi  tidak dikirim lagi  sampai dan tidak bisa minta otp lagi  karena  maksimal x minta otp akhir nya uninstal dan beralih ke domino tidak pakai  babibu langsung  login,"['update', 'agustus', 'mau', 'coba', 'instal', 'lagi', 'aplikasi', 'pizza', 'hutternyata', 'mash', 'nyangkut', 'masalah', 'login', 'tidak', 'bisa', 'login', 'dan', 'tidak', 'di', 'kirim', 'otp', 'nya', 'sudah', 'tahun', 'tidak', 'benar', 'juga', 'nih', 'resto', 'dominos', 'memang', 'the', 'best', 'sudah', 'komen', 'tahun', 'aplikasi', 'sampah', 'sudah', 'punya', 'akun', 'pas', 'login', 'masukan', 'otp', 'tapi', 'tidak', 'dikirim', 'melalui', 'wasms', 'sampai', 'batas', 'waktu', 'abis', 'minta', 'lagi', 'tidak', 'dikirim', 'lagi', 'sampai', 'dan', 'tidak', 'bisa', 'minta', 'otp', 'lagi', 'karena', 'maksimal', 'x', 'minta', 'otp', 'akhir', 'nya', 'uninstal', 'dan', 'beralih', 'ke', 'domino', 'tidak', 'pakai', 'babibu', 'langsung', 'login']",update agustus mau coba instal lagi aplikasi pizza hutternyata mash nyangkut masalah login tidak bisa login dan tidak di kirim otp nya sudah tahun tidak benar juga nih resto dominos memang the best sudah komen tahun aplikasi sampah sudah punya akun pas login masuk otp tapi tidak kirim lalu wasms sampai batas waktu abis minta lagi tidak kirim lagi sampai dan tidak bisa minta otp lagi karena maksimal x minta otp akhir nya uninstal dan alih ke domino tidak pakai babibu langsung login,update agustus mau coba instal aplikasi pizza hutternyata mash nyangkut masalah login login kirim otp tahun benar resto dominos memang the best komen tahun aplikasi sampah punya akun pas login masuk otp kirim lalu wasms batas waktu abis minta kirim minta otp maksimal x minta otp akhir uninstal alih domino pakai babibu langsung login,"['update', 'agustus', 'mau', 'coba', 'instal', 'aplikasi', 'pizza', 'hutternyata', 'mash', 'nyangkut', 'masalah', 'login', 'login', 'kirim', 'otp', 'tahun', 'benar', 'resto', 'dominos', 'memang', 'the', 'best', 'komen', 'tahun', 'aplikasi', 'sampah', 'punya', 'akun', 'pas', 'login', 'masuk', 'otp', 'kirim', 'lalu', 'wasms', 'batas', 'waktu', 'abis', 'minta', 'kirim', 'minta', 'otp', 'maksimal', 'x', 'minta', 'otp', 'akhir', 'uninstal', 'alih', 'domino', 'pakai', 'babibu', 'langsung', 'login']"
buat login saja  kirim otp kaga nonggol itu otp sampai kaga bisa login gegara otp nya tidak  ada kaga bagus developer nya kusut,"['buat', 'login', 'saja', 'kirim', 'otp', 'kaga', 'nonggol', 'itu', 'otp', 'sampai', 'kaga', 'bisa', 'login', 'gegara', 'otp', 'nya', 'tidak', 'ada', 'kaga', 'bagus', 'developer', 'nya', 'kusut']",buat login saja kirim otp kaga nonggol itu otp sampai kaga bisa login gegara otp nya tidak ada kaga bagus developer nya kusut,login kirim otp kaga nonggol otp kaga login gegara otp kaga bagus developer kusut,"['login', 'kirim', 'otp', 'kaga', 'nonggol', 'otp', 'kaga', 'login', 'gegara', 'otp', 'kaga', 'bagus', 'developer', 'kusut']"
pelayaan top,"['pelayaan', 'top']",pelayaan top,pelayaan top,"['pelayaan', 'top']"
aplikasi memudahkan sekali untuk orang yang bosan menunggu tapi terkadang aplikasi error tidak bisa digunakan meskipun data seluler atau wifi kencang ,"['aplikasi', 'memudahkan', 'sekali', 'untuk', 'orang', 'yang', 'bosan', 'menunggu', 'tapi', 'terkadang', 'aplikasi', 'error', 'tidak', 'bisa', 'digunakan', 'meskipun', 'data', 'seluler', 'atau', 'wifi', 'kencang']",aplikasi mudah sekali untuk orang yang bosan tunggu tapi terkadang aplikasi error tidak bisa guna meski data seluler atau wifi kencang,aplikasi mudah sekali orang bosan tunggu terkadang aplikasi error meski data seluler wifi kencang,"['aplikasi', 'mudah', 'sekali', 'orang', 'bosan', 'tunggu', 'terkadang', 'aplikasi', 'error', 'meski', 'data', 'seluler', 'wifi', 'kencang']"
pizza hut mantap pelayanan nya cepat,"['pizza', 'hut', 'mantap', 'pelayanan', 'nya', 'cepat']",pizza hut mantap layan nya cepat,pizza hut mantap layan cepat,"['pizza', 'hut', 'mantap', 'layan', 'cepat']"
hi pizza hut saya  pesanan bigbox takeaway dari aplikasi maunya saya makan di tempat agar tidak nunggu lama sambil tambah  orderan dine in eh kata manager on duty nya ternyata tidak boleh dimakan ditempat untuk  orderan takeaway jadi illfeel deh apakah memang begitu aplikasi sudah bisa screenshot bulan berikut nya masih tetap belum bisa di screenshot kenapa tidak bisa screenshot orderan kita kan kita mau share ke saya orang yang  mau ditraktir,"['hi', 'pizza', 'hut', 'saya', 'pesanan', 'bigbox', 'takeaway', 'dari', 'aplikasi', 'maunya', 'saya', 'makan', 'di', 'tempat', 'agar', 'tidak', 'nunggu', 'lama', 'sambil', 'tambah', 'orderan', 'dine', 'in', 'eh', 'kata', 'manager', 'on', 'duty', 'nya', 'ternyata', 'tidak', 'boleh', 'dimakan', 'ditempat', 'untuk', 'orderan', 'takeaway', 'jadi', 'illfeel', 'deh', 'apakah', 'memang', 'begitu', 'aplikasi', 'sudah', 'bisa', 'screenshot', 'bulan', 'berikut', 'nya', 'masih', 'tetap', 'belum', 'bisa', 'di', 'screenshot', 'kenapa', 'tidak', 'bisa', 'screenshot', 'orderan', 'kita', 'kan', 'kita', 'mau', 'share', 'ke', 'saya', 'orang', 'yang', 'mau', 'ditraktir']",hi pizza hut saya pesan bigbox takeaway dari aplikasi mau saya makan di tempat agar tidak nunggu lama sambil tambah order dine in eh kata manager on duty nya nyata tidak boleh makan tempat untuk order takeaway jadi illfeel deh apakah memang begitu aplikasi sudah bisa screenshot bulan ikut nya masih tetap belum bisa di screenshot kenapa tidak bisa screenshot order kita kan kita mau share ke saya orang yang mau traktir,hi pizza hut pesan bigbox takeaway aplikasi mau makan tempat nunggu lama tambah order dine in eh kata manager on duty nyata makan tempat order takeaway illfeel memang aplikasi screenshot bulan ikut tetap screenshot screenshot order kan mau share orang mau traktir,"['hi', 'pizza', 'hut', 'pesan', 'bigbox', 'takeaway', 'aplikasi', 'mau', 'makan', 'tempat', 'nunggu', 'lama', 'tambah', 'order', 'dine', 'in', 'eh', 'kata', 'manager', 'on', 'duty', 'nyata', 'makan', 'tempat', 'order', 'takeaway', 'illfeel', 'memang', 'aplikasi', 'screenshot', 'bulan', 'ikut', 'tetap', 'screenshot', 'screenshot', 'order', 'kan', 'mau', 'share', 'orang', 'mau', 'traktir']"
delicious always,"['delicious', 'always']",delicious always,delicious always,"['delicious', 'always']"
pelayanannya bagus,"['pelayanannya', 'bagus']",layan bagus,layan bagus,"['layan', 'bagus']"
aplikasi yang  cukup membantu jadi tidak perlu antri tinggal pesan saja,"['aplikasi', 'yang', 'cukup', 'membantu', 'jadi', 'tidak', 'perlu', 'antri', 'tinggal', 'pesan', 'saja']",aplikasi yang cukup bantu jadi tidak perlu antri tinggal pesan saja,aplikasi cukup bantu perlu antri tinggal pesan,"['aplikasi', 'cukup', 'bantu', 'perlu', 'antri', 'tinggal', 'pesan']"
praktis dan tidak pakai  lamasuka sekalii,"['praktis', 'dan', 'tidak', 'pakai', 'lamasuka', 'sekalii']",praktis dan tidak pakai lamasuka sekali,praktis pakai lamasuka sekali,"['praktis', 'pakai', 'lamasuka', 'sekali']"
aplikasi pizza bodh tolol rbg bua tiba tiba tiba out masuk lagi  tidak bisa bikin lagi  juga tidak bisa bikin password nya di persulit padahal ita beli bukan mencuri tololl,"['aplikasi', 'pizza', 'bodh', 'tolol', 'rbg', 'bua', 'tiba', 'tiba', 'tiba', 'out', 'masuk', 'lagi', 'tidak', 'bisa', 'bikin', 'lagi', 'juga', 'tidak', 'bisa', 'bikin', 'password', 'nya', 'di', 'persulit', 'padahal', 'ita', 'beli', 'bukan', 'mencuri', 'tololl']",aplikasi pizza bodh tolol rbg bua tiba tiba tiba out masuk lagi tidak bisa bikin lagi juga tidak bisa bikin password nya di sulit padahal ita beli bukan curi tololl,aplikasi pizza bodh tolol rbg bua tiba tiba tiba out masuk bikin bikin password sulit padahal ita beli bukan curi tololl,"['aplikasi', 'pizza', 'bodh', 'tolol', 'rbg', 'bua', 'tiba', 'tiba', 'tiba', 'out', 'masuk', 'bikin', 'bikin', 'password', 'sulit', 'padahal', 'ita', 'beli', 'bukan', 'curi', 'tololl']"
saya pesan limo pizza toping kenapa yang  datang toping terus,"['saya', 'pesan', 'limo', 'pizza', 'toping', 'kenapa', 'yang', 'datang', 'toping', 'terus']",saya pesan limo pizza toping kenapa yang datang toping terus,pesan limo pizza toping datang toping terus,"['pesan', 'limo', 'pizza', 'toping', 'datang', 'toping', 'terus']"
susahnya mau mendaftarniatnya mau pesanan tapi payah aplikasinya sudah berapa  kali bikin sandi sesuai arahan tapi tidak ada yang  benar  ribet sekali,"['susahnya', 'mau', 'mendaftarniatnya', 'mau', 'pesanan', 'tapi', 'payah', 'aplikasinya', 'sudah', 'berapa', 'kali', 'bikin', 'sandi', 'sesuai', 'arahan', 'tapi', 'tidak', 'ada', 'yang', 'benar', 'ribet', 'sekali']",susah mau mendaftarniatnya mau pesan tapi payah aplikasi sudah berapa kali bikin sandi sesuai arah tapi tidak ada yang benar ribet sekali,susah mau mendaftarniatnya mau pesan payah aplikasi berapa kali bikin sandi sesuai arah benar ribet sekali,"['susah', 'mau', 'mendaftarniatnya', 'mau', 'pesan', 'payah', 'aplikasi', 'berapa', 'kali', 'bikin', 'sandi', 'sesuai', 'arah', 'benar', 'ribet', 'sekali']"
aplikasi tolol error terus  maaukin lokasi tidak guna,"['aplikasi', 'tolol', 'error', 'terus', 'maaukin', 'lokasi', 'tidak', 'guna']",aplikasi tolol error terus maaukin lokasi tidak guna,aplikasi tolol error terus maaukin lokasi,"['aplikasi', 'tolol', 'error', 'terus', 'maaukin', 'lokasi']"
respon cepat pesanan dianter sesuai orderan,"['respon', 'cepat', 'pesanan', 'dianter', 'sesuai', 'orderan']",respon cepat pesan anter sesuai order,respon cepat pesan anter sesuai order,"['respon', 'cepat', 'pesan', 'anter', 'sesuai', 'order']"
susah sekalii mau login email pass sudah benar,"['susah', 'sekalii', 'mau', 'login', 'email', 'pass', 'sudah', 'benar']",susah sekali mau login email pass sudah benar,susah sekali mau login email pass benar,"['susah', 'sekali', 'mau', 'login', 'email', 'pass', 'benar']"
oke joss,"['oke', 'joss']",oke joss,oke joss,"['oke', 'joss']"
ribet sekali  mau daftar kombinasi password tidak diinfo setiap back data selalu kereset lupa password tapi email konfirmasi tidak masuk trash aplikasi,"['ribet', 'sekali', 'mau', 'daftar', 'kombinasi', 'password', 'tidak', 'diinfo', 'setiap', 'back', 'data', 'selalu', 'kereset', 'lupa', 'password', 'tapi', 'email', 'konfirmasi', 'tidak', 'masuk', 'trash', 'aplikasi']",ribet sekali mau daftar kombinasi password tidak info tiap back data selalu kereset lupa password tapi email konfirmasi tidak masuk trash aplikasi,ribet sekali mau daftar kombinasi password info tiap back data selalu kereset lupa password email konfirmasi masuk trash aplikasi,"['ribet', 'sekali', 'mau', 'daftar', 'kombinasi', 'password', 'info', 'tiap', 'back', 'data', 'selalu', 'kereset', 'lupa', 'password', 'email', 'konfirmasi', 'masuk', 'trash', 'aplikasi']"
pelayanan bagus dan pizzanya masih panas,"['pelayanan', 'bagus', 'dan', 'pizzanya', 'masih', 'panas']",layan bagus dan pizzanya masih panas,layan bagus pizzanya panas,"['layan', 'bagus', 'pizzanya', 'panas']"
aplikasi error saya sudah beli banyak tapi point tidak masuk ke aplikasi mau rendem bonus padahal belum  diklik tapi sudah kepotong buat apa masukin no hp kalau ndka berguna,"['aplikasi', 'error', 'saya', 'sudah', 'beli', 'banyak', 'tapi', 'point', 'tidak', 'masuk', 'ke', 'aplikasi', 'mau', 'rendem', 'bonus', 'padahal', 'belum', 'diklik', 'tapi', 'sudah', 'kepotong', 'buat', 'apa', 'masukin', 'no', 'hp', 'kalau', 'ndka', 'berguna']",aplikasi error saya sudah beli banyak tapi point tidak masuk ke aplikasi mau rendem bonus padahal belum klik tapi sudah potong buat apa masukin no hp kalau ndka guna,aplikasi error beli banyak point masuk aplikasi mau rendem bonus padahal klik potong apa masukin hp ndka,"['aplikasi', 'error', 'beli', 'banyak', 'point', 'masuk', 'aplikasi', 'mau', 'rendem', 'bonus', 'padahal', 'klik', 'potong', 'apa', 'masukin', 'hp', 'ndka']"
mantap aplikasi friendly,"['mantap', 'aplikasi', 'friendly']",mantap aplikasi friendly,mantap aplikasi friendly,"['mantap', 'aplikasi', 'friendly']"
verifikasi otp tidak dikirim,"['verifikasi', 'otp', 'tidak', 'dikirim']",verifikasi otp tidak kirim,verifikasi otp kirim,"['verifikasi', 'otp', 'kirim']"
excellent,['excellent'],excellent,excellent,['excellent']
pesan pizza via applikaso dapat poin bisa redeem dengan snackpizza oke sekali ,"['pesan', 'pizza', 'via', 'applikaso', 'dapat', 'poin', 'bisa', 'redeem', 'dengan', 'snackpizza', 'oke', 'sekali']",pesan pizza via applikaso dapat poin bisa redeem dengan snackpizza oke sekali,pesan pizza via applikaso poin redeem snackpizza oke sekali,"['pesan', 'pizza', 'via', 'applikaso', 'poin', 'redeem', 'snackpizza', 'oke', 'sekali']"
pizza hut selalu jadi pilihan saya dan keluarga pizza terbaik i ever eat enakkk pokoknya tidak kecewa apalagi keju nya terbaik,"['pizza', 'hut', 'selalu', 'jadi', 'pilihan', 'saya', 'dan', 'keluarga', 'pizza', 'terbaik', 'i', 'ever', 'eat', 'enakkk', 'pokoknya', 'tidak', 'kecewa', 'apalagi', 'keju', 'nya', 'terbaik']",pizza hut selalu jadi pilih saya dan keluarga pizza baik i ever eat enakkk pokok tidak kecewa apalagi keju nya baik,pizza hut selalu pilih keluarga pizza baik i ever eat enakkk pokok kecewa keju baik,"['pizza', 'hut', 'selalu', 'pilih', 'keluarga', 'pizza', 'baik', 'i', 'ever', 'eat', 'enakkk', 'pokok', 'kecewa', 'keju', 'baik']"
aplikasi rusak login susah sekali  sudah benar pas dan email tapi  tetap tidak bisa masukngebug terus cba login pakai  email malah kode otp nya tidak dikirim kirim,"['aplikasi', 'rusak', 'login', 'susah', 'sekali', 'sudah', 'benar', 'pas', 'dan', 'email', 'tapi', 'tetap', 'tidak', 'bisa', 'masukngebug', 'terus', 'cba', 'login', 'pakai', 'email', 'malah', 'kode', 'otp', 'nya', 'tidak', 'dikirim', 'kirim']",aplikasi rusak login susah sekali sudah benar pas dan email tapi tetap tidak bisa masukngebug terus cba login pakai email malah kode otp nya tidak kirim kirim,aplikasi rusak login susah sekali benar pas email tetap masukngebug terus cba login pakai email malah kode otp kirim kirim,"['aplikasi', 'rusak', 'login', 'susah', 'sekali', 'benar', 'pas', 'email', 'tetap', 'masukngebug', 'terus', 'cba', 'login', 'pakai', 'email', 'malah', 'kode', 'otp', 'kirim', 'kirim']"
untuk pencarian alamat tidak akurat dan sepertinya sering error akhirnya saya delate aplikasi yang  tidak berguna ini,"['untuk', 'pencarian', 'alamat', 'tidak', 'akurat', 'dan', 'sepertinya', 'sering', 'error', 'akhirnya', 'saya', 'delate', 'aplikasi', 'yang', 'tidak', 'berguna', 'ini']",untuk cari alamat tidak akurat dan seperti sering error akhir saya delate aplikasi yang tidak guna ini,cari alamat akurat sering error akhir delate aplikasi,"['cari', 'alamat', 'akurat', 'sering', 'error', 'akhir', 'delate', 'aplikasi']"
mudah digunakan dan sangat membantu dalam memesan,"['mudah', 'digunakan', 'dan', 'sangat', 'membantu', 'dalam', 'memesan']",mudah guna dan sangat bantu dalam mes,mudah sangat bantu mes,"['mudah', 'sangat', 'bantu', 'mes']"
lebih suka pakai aplikasi langsung  dari  pizza hut mantap anak suka sangat  sama pizza hut aplikasi ini sangat  memudahkan,"['lebih', 'suka', 'pakai', 'aplikasi', 'langsung', 'dari', 'pizza', 'hut', 'mantap', 'anak', 'suka', 'sangat', 'sama', 'pizza', 'hut', 'aplikasi', 'ini', 'sangat', 'memudahkan']",lebih suka pakai aplikasi langsung dari pizza hut mantap anak suka sangat sama pizza hut aplikasi ini sangat mudah,lebih suka pakai aplikasi langsung pizza hut mantap anak suka sangat pizza hut aplikasi sangat mudah,"['lebih', 'suka', 'pakai', 'aplikasi', 'langsung', 'pizza', 'hut', 'mantap', 'anak', 'suka', 'sangat', 'pizza', 'hut', 'aplikasi', 'sangat', 'mudah']"
aplikasinya jalannya lambat sekali  saya sudah pilih menu tapi tiba tiba macet aplikasinya dan harus ulang pilih  dari  awal capai ,"['aplikasinya', 'jalannya', 'lambat', 'sekali', 'saya', 'sudah', 'pilih', 'menu', 'tapi', 'tiba', 'tiba', 'macet', 'aplikasinya', 'dan', 'harus', 'ulang', 'pilih', 'dari', 'awal', 'capai']",aplikasi jalan lambat sekali saya sudah pilih menu tapi tiba tiba macet aplikasi dan harus ulang pilih dari awal capai,aplikasi jalan lambat sekali pilih menu tiba tiba macet aplikasi ulang pilih awal capai,"['aplikasi', 'jalan', 'lambat', 'sekali', 'pilih', 'menu', 'tiba', 'tiba', 'macet', 'aplikasi', 'ulang', 'pilih', 'awal', 'capai']"
phd bagus sekali  servis nya ada masalah langsung di kirim balik,"['phd', 'bagus', 'sekali', 'servis', 'nya', 'ada', 'masalah', 'langsung', 'di', 'kirim', 'balik']",phd bagus sekali servis nya ada masalah langsung di kirim balik,phd bagus sekali servis masalah langsung kirim balik,"['phd', 'bagus', 'sekali', 'servis', 'masalah', 'langsung', 'kirim', 'balik']"
perbaiki lagi sistem di aplikasinya,"['perbaiki', 'lagi', 'sistem', 'di', 'aplikasinya']",baik lagi sistem di aplikasi,baik sistem aplikasi,"['baik', 'sistem', 'aplikasi']"
ini gimana sudah akses lokasi sudah diizinkan tapi di apps masih minta access grant location tolong diperbaikin bug nya,"['ini', 'gimana', 'sudah', 'akses', 'lokasi', 'sudah', 'diizinkan', 'tapi', 'di', 'apps', 'masih', 'minta', 'access', 'grant', 'location', 'tolong', 'diperbaikin', 'bug', 'nya']",ini gimana sudah akses lokasi sudah izin tapi di apps masih minta access grant location tolong diperbaikin bug nya,gimana akses lokasi izin apps minta access grant location diperbaikin bug,"['gimana', 'akses', 'lokasi', 'izin', 'apps', 'minta', 'access', 'grant', 'location', 'diperbaikin', 'bug']"
aplikasi bug tidak bisa login,"['aplikasi', 'bug', 'tidak', 'bisa', 'login']",aplikasi bug tidak bisa login,aplikasi bug login,"['aplikasi', 'bug', 'login']"
pelayanan cepat pizza masih hangat sampai rumah,"['pelayanan', 'cepat', 'pizza', 'masih', 'hangat', 'sampai', 'rumah']",layan cepat pizza masih hangat sampai rumah,layan cepat pizza hangat rumah,"['layan', 'cepat', 'pizza', 'hangat', 'rumah']"
lebih mudah pesan ,"['lebih', 'mudah', 'pesan']",lebih mudah pesan,lebih mudah pesan,"['lebih', 'mudah', 'pesan']"
bagus banyak bonus kalau  pesanan via aplikasi pizza hut ini,"['bagus', 'banyak', 'bonus', 'kalau', 'pesanan', 'via', 'aplikasi', 'pizza', 'hut', 'ini']",bagus banyak bonus kalau pesan via aplikasi pizza hut ini,bagus banyak bonus pesan via aplikasi pizza hut,"['bagus', 'banyak', 'bonus', 'pesan', 'via', 'aplikasi', 'pizza', 'hut']"
sudah login dan kirim kode otp tapi tidak dikirim sampai sudah limit per hari nya,"['sudah', 'login', 'dan', 'kirim', 'kode', 'otp', 'tapi', 'tidak', 'dikirim', 'sampai', 'sudah', 'limit', 'per', 'hari', 'nya']",sudah login dan kirim kode otp tapi tidak kirim sampai sudah limit per hari nya,login kirim kode otp kirim limit per hari,"['login', 'kirim', 'kode', 'otp', 'kirim', 'limit', 'per', 'hari']"
lama tidak dpakai akun close sendiri sering lupa pasword email sudah tidak aktif jadi suaah login,"['lama', 'tidak', 'dpakai', 'akun', 'close', 'sendiri', 'sering', 'lupa', 'pasword', 'email', 'sudah', 'tidak', 'aktif', 'jadi', 'suaah', 'login']",lama tidak dpakai akun close sendiri sering lupa pasword email sudah tidak aktif jadi suaah login,lama dpakai akun close sendiri sering lupa pasword email aktif suaah login,"['lama', 'dpakai', 'akun', 'close', 'sendiri', 'sering', 'lupa', 'pasword', 'email', 'aktif', 'suaah', 'login']"
pelayanan baik,"['pelayanan', 'baik']",layan baik,layan baik,"['layan', 'baik']"
mantap pengiriman cepat,"['mantap', 'pengiriman', 'cepat']",mantap kirim cepat,mantap kirim cepat,"['mantap', 'kirim', 'cepat']"
delivery nya the best walau lagi hujan tetap dibawaiin,"['delivery', 'nya', 'the', 'best', 'walau', 'lagi', 'hujan', 'tetap', 'dibawaiin']",delivery nya the best walau lagi hujan tetap dibawaiin,delivery the best hujan tetap dibawaiin,"['delivery', 'the', 'best', 'hujan', 'tetap', 'dibawaiin']"
pembayaran online di perbaiki,"['pembayaran', 'online', 'di', 'perbaiki']",bayar online di baik,bayar online baik,"['bayar', 'online', 'baik']"
tolong perbaiki lagi aplikasinya ini saya daftar bikin passwordnya kok dak bisa maksudnya apa karakter terdiri dari huruf besar huruf kecil dan symbol saya dak ngerti,"['tolong', 'perbaiki', 'lagi', 'aplikasinya', 'ini', 'saya', 'daftar', 'bikin', 'passwordnya', 'kok', 'dak', 'bisa', 'maksudnya', 'apa', 'karakter', 'terdiri', 'dari', 'huruf', 'besar', 'huruf', 'kecil', 'dan', 'symbol', 'saya', 'dak', 'ngerti']",tolong baik lagi aplikasi ini saya daftar bikin passwordnya kok dak bisa maksud apa karakter diri dari huruf besar huruf kecil dan symbol saya dak ngerti,baik aplikasi daftar bikin passwordnya kok dak maksud apa karakter diri huruf besar huruf kecil symbol dak ngerti,"['baik', 'aplikasi', 'daftar', 'bikin', 'passwordnya', 'kok', 'dak', 'maksud', 'apa', 'karakter', 'diri', 'huruf', 'besar', 'huruf', 'kecil', 'symbol', 'dak', 'ngerti']"
apklikasinya nge leag sekali ,"['apklikasinya', 'nge', 'leag', 'sekali']",apklikasinya nge leag sekali,apklikasinya nge leag sekali,"['apklikasinya', 'nge', 'leag', 'sekali']"
capai  sekali  kemarin bisa delivery sekarang sudah tidak bisa di bantu dong biar bisa delivery lagi di kotaku,"['capai', 'sekali', 'kemarin', 'bisa', 'delivery', 'sekarang', 'sudah', 'tidak', 'bisa', 'di', 'bantu', 'dong', 'biar', 'bisa', 'delivery', 'lagi', 'di', 'kotaku']",capai sekali kemarin bisa delivery sekarang sudah tidak bisa di bantu dong biar bisa delivery lagi di kota,capai sekali kemarin delivery sekarang bantu dong biar delivery kota,"['capai', 'sekali', 'kemarin', 'delivery', 'sekarang', 'bantu', 'dong', 'biar', 'delivery', 'kota']"
taste nya yang  tidak berubah dari dulu sekarang bintamg,"['taste', 'nya', 'yang', 'tidak', 'berubah', 'dari', 'dulu', 'sekarang', 'bintamg']",taste nya yang tidak ubah dari dulu sekarang bintamg,taste ubah dulu sekarang bintamg,"['taste', 'ubah', 'dulu', 'sekarang', 'bintamg']"
mantap aplikasinya,"['mantap', 'aplikasinya']",mantap aplikasi,mantap aplikasi,"['mantap', 'aplikasi']"
kumpul poin gais,"['kumpul', 'poin', 'gais']",kumpul poin gais,kumpul poin gais,"['kumpul', 'poin', 'gais']"
aplikasi koplak sudah log in terus  ngefreeze ehh malah suruh log in lagi  perbaiki lagi  aplikasinya,"['aplikasi', 'koplak', 'sudah', 'log', 'in', 'terus', 'ngefreeze', 'ehh', 'malah', 'suruh', 'log', 'in', 'lagi', 'perbaiki', 'lagi', 'aplikasinya']",aplikasi koplak sudah log in terus ngefreeze ehh malah suruh log in lagi baik lagi aplikasi,aplikasi koplak log in terus ngefreeze ehh malah suruh log in baik aplikasi,"['aplikasi', 'koplak', 'log', 'in', 'terus', 'ngefreeze', 'ehh', 'malah', 'suruh', 'log', 'in', 'baik', 'aplikasi']"
paling bagus sih selama ini,"['paling', 'bagus', 'sih', 'selama', 'ini']",paling bagus sih lama ini,paling bagus sih lama,"['paling', 'bagus', 'sih', 'lama']"
enak pizza hut saya kalau  beli selalu hut,"['enak', 'pizza', 'hut', 'saya', 'kalau', 'beli', 'selalu', 'hut']",enak pizza hut saya kalau beli selalu hut,enak pizza hut beli selalu hut,"['enak', 'pizza', 'hut', 'beli', 'selalu', 'hut']"
suka sekali  dengan progam potongan nya di atas jam malam,"['suka', 'sekali', 'dengan', 'progam', 'potongan', 'nya', 'di', 'atas', 'jam', 'malam']",suka sekali dengan progam potong nya di atas jam malam,suka sekali progam potong atas jam malam,"['suka', 'sekali', 'progam', 'potong', 'atas', 'jam', 'malam']"
saya minta maaf memberikan bintang tiap mau login selalu terjadi masalah saat login tidak ada kode opt masuk di saya,"['saya', 'minta', 'maaf', 'memberikan', 'bintang', 'tiap', 'mau', 'login', 'selalu', 'terjadi', 'masalah', 'saat', 'login', 'tidak', 'ada', 'kode', 'opt', 'masuk', 'di', 'saya']",saya minta maaf beri bintang tiap mau login selalu jadi masalah saat login tidak ada kode opt masuk di saya,minta maaf beri bintang tiap mau login selalu masalah login kode opt masuk,"['minta', 'maaf', 'beri', 'bintang', 'tiap', 'mau', 'login', 'selalu', 'masalah', 'login', 'kode', 'opt', 'masuk']"
bagus devery oke pelayanan cepat,"['bagus', 'devery', 'oke', 'pelayanan', 'cepat']",bagus devery oke layan cepat,bagus devery oke layan cepat,"['bagus', 'devery', 'oke', 'layan', 'cepat']"
good job,"['good', 'job']",good job,good job,"['good', 'job']"
aplikasi na perlu dperbaiki susah daftar na terima kasih semoga  kdepan lebih baik,"['aplikasi', 'na', 'perlu', 'dperbaiki', 'susah', 'daftar', 'na', 'terima', 'kasih', 'semoga', 'kdepan', 'lebih', 'baik']",aplikasi na perlu dperbaiki susah daftar na terima kasih moga kdepan lebih baik,aplikasi na perlu dperbaiki susah daftar na terima kasih moga kdepan lebih baik,"['aplikasi', 'na', 'perlu', 'dperbaiki', 'susah', 'daftar', 'na', 'terima', 'kasih', 'moga', 'kdepan', 'lebih', 'baik']"
simple and fast,"['simple', 'and', 'fast']",simple and fast,simple and fast,"['simple', 'and', 'fast']"
keren sangat ,"['keren', 'sangat']",keren sangat,keren sangat,"['keren', 'sangat']"
gila sih nih aplikasinya berat sangat  bikin password saja  ribet sangat  ngelebihin bikin account bank,"['gila', 'sih', 'nih', 'aplikasinya', 'berat', 'sangat', 'bikin', 'password', 'saja', 'ribet', 'sangat', 'ngelebihin', 'bikin', 'account', 'bank']",gila sih nih aplikasi berat sangat bikin password saja ribet sangat ngelebihin bikin account bank,gila sih aplikasi berat sangat bikin password ribet sangat ngelebihin bikin account bank,"['gila', 'sih', 'aplikasi', 'berat', 'sangat', 'bikin', 'password', 'ribet', 'sangat', 'ngelebihin', 'bikin', 'account', 'bank']"
oke pizza,"['oke', 'pizza']",oke pizza,oke pizza,"['oke', 'pizza']"
kasih diskon yang  real nett dan tanpa syarat ini itu khusus pakai  kartu bank ini lewat aplikasi kudu ig dan lain dan lain orang datang  bawa duit bayar  kelaaar simple dan pizza ristorante yang  gede megah sebaiknya juga jam tertentu misal kasih free semua menu tanpa syarat harus beli ini itu dan nominal berapa  pun diterima,"['kasih', 'diskon', 'yang', 'real', 'nett', 'dan', 'tanpa', 'syarat', 'ini', 'itu', 'khusus', 'pakai', 'kartu', 'bank', 'ini', 'lewat', 'aplikasi', 'kudu', 'ig', 'dan', 'lain', 'dan', 'lain', 'orang', 'datang', 'bawa', 'duit', 'bayar', 'kelaaar', 'simple', 'dan', 'pizza', 'ristorante', 'yang', 'gede', 'megah', 'sebaiknya', 'juga', 'jam', 'tertentu', 'misal', 'kasih', 'free', 'semua', 'menu', 'tanpa', 'syarat', 'harus', 'beli', 'ini', 'itu', 'dan', 'nominal', 'berapa', 'pun', 'diterima']",kasih diskon yang real nett dan tanpa syarat ini itu khusus pakai kartu bank ini lewat aplikasi kudu ig dan lain dan lain orang datang bawa duit bayar kelaaar simple dan pizza ristorante yang gede megah baik juga jam tentu misal kasih free semua menu tanpa syarat harus beli ini itu dan nominal berapa pun terima,kasih diskon real nett syarat khusus pakai kartu bank lewat aplikasi kudu ig orang datang bawa duit bayar kelaaar simple pizza ristorante gede megah baik jam misal kasih free semua menu syarat beli nominal berapa terima,"['kasih', 'diskon', 'real', 'nett', 'syarat', 'khusus', 'pakai', 'kartu', 'bank', 'lewat', 'aplikasi', 'kudu', 'ig', 'orang', 'datang', 'bawa', 'duit', 'bayar', 'kelaaar', 'simple', 'pizza', 'ristorante', 'gede', 'megah', 'baik', 'jam', 'misal', 'kasih', 'free', 'semua', 'menu', 'syarat', 'beli', 'nominal', 'berapa', 'terima']"
susah sign up nya,"['susah', 'sign', 'up', 'nya']",susah sign up nya,susah sign up,"['susah', 'sign', 'up']"
lebih mudah dan banyak promonya,"['lebih', 'mudah', 'dan', 'banyak', 'promonya']",lebih mudah dan banyak promonya,lebih mudah banyak promonya,"['lebih', 'mudah', 'banyak', 'promonya']"
baik pelayanannya,"['baik', 'pelayanannya']",baik layan,baik layan,"['baik', 'layan']"
awesome,['awesome'],awesome,awesome,['awesome']
buruk,['buruk'],buruk,buruk,['buruk']
tidak bisaaa daftar gagalmuluuu,"['tidak', 'bisaaa', 'daftar', 'gagalmuluuu']",tidak bisaaa daftar gagalmuluuu,bisaaa daftar gagalmuluuu,"['bisaaa', 'daftar', 'gagalmuluuu']"
manjiw,['manjiw'],manjiw,manjiw,['manjiw']
the best sudah jadi langganan,"['the', 'best', 'sudah', 'jadi', 'langganan']",the best sudah jadi langgan,the best langgan,"['the', 'best', 'langgan']"
perizinan lokasi selalu gagal apaan sudah,"['perizinan', 'lokasi', 'selalu', 'gagal', 'apaan', 'sudah']",izin lokasi selalu gagal apa sudah,izin lokasi selalu gagal apa,"['izin', 'lokasi', 'selalu', 'gagal', 'apa']"
dari dulu sampai sekarang  tetap langganan phd,"['dari', 'dulu', 'sampai', 'sekarang', 'tetap', 'langganan', 'phd']",dari dulu sampai sekarang tetap langgan phd,dulu sekarang tetap langgan phd,"['dulu', 'sekarang', 'tetap', 'langgan', 'phd']"
aslinya malesin sekali  dia yang  bikin promoan dia yang  suruh  cancel dengan janji x jam pengembalian dana tapi pas ditanyain lagi  malah diperpanjang jadi x jam cukup tahu saja  sii,"['aslinya', 'malesin', 'sekali', 'dia', 'yang', 'bikin', 'promoan', 'dia', 'yang', 'suruh', 'cancel', 'dengan', 'janji', 'x', 'jam', 'pengembalian', 'dana', 'tapi', 'pas', 'ditanyain', 'lagi', 'malah', 'diperpanjang', 'jadi', 'x', 'jam', 'cukup', 'tahu', 'saja', 'sii']",asli malesin sekali dia yang bikin promoan dia yang suruh cancel dengan janji x jam kembali dana tapi pas ditanyain lagi malah panjang jadi x jam cukup tahu saja sii,asli malesin sekali bikin promoan suruh cancel janji x jam dana pas ditanyain malah panjang x jam cukup tahu sii,"['asli', 'malesin', 'sekali', 'bikin', 'promoan', 'suruh', 'cancel', 'janji', 'x', 'jam', 'dana', 'pas', 'ditanyain', 'malah', 'panjang', 'x', 'jam', 'cukup', 'tahu', 'sii']"
ini gimana mengadakan  promo setelah dipesen sudah bayar malah tidak bisa diambil terus dana pembeliannya gimana kok tidak balik,"['ini', 'gimana', 'mengadakan', 'promo', 'setelah', 'dipesen', 'sudah', 'bayar', 'malah', 'tidak', 'bisa', 'diambil', 'terus', 'dana', 'pembeliannya', 'gimana', 'kok', 'tidak', 'balik']",ini gimana ada promo telah sen sudah bayar malah tidak bisa ambil terus dana beli gimana kok tidak balik,gimana promo sen bayar malah ambil terus dana beli gimana kok balik,"['gimana', 'promo', 'sen', 'bayar', 'malah', 'ambil', 'terus', 'dana', 'beli', 'gimana', 'kok', 'balik']"
pesanan dibatalkan saldonya tidak balik parah ambil uang orang,"['pesanan', 'dibatalkan', 'saldonya', 'tidak', 'balik', 'parah', 'ambil', 'uang', 'orang']",pesan batal saldo tidak balik parah ambil uang orang,pesan batal saldo balik parah ambil uang orang,"['pesan', 'batal', 'saldo', 'balik', 'parah', 'ambil', 'uang', 'orang']"
di aplikasi sudah sukses pesanan nya tinggal diambil eh pas sampai  outlet pizza nya dibatalkan secara sepihak sama karyawan padahal status di aplikasi sudah siap ambil kasir tidak sopan,"['di', 'aplikasi', 'sudah', 'sukses', 'pesanan', 'nya', 'tinggal', 'diambil', 'eh', 'pas', 'sampai', 'outlet', 'pizza', 'nya', 'dibatalkan', 'secara', 'sepihak', 'sama', 'karyawan', 'padahal', 'status', 'di', 'aplikasi', 'sudah', 'siap', 'ambil', 'kasir', 'tidak', 'sopan']",di aplikasi sudah sukses pesan nya tinggal ambil eh pas sampai outlet pizza nya batal cara pihak sama karyawan padahal status di aplikasi sudah siap ambil kasir tidak sopan,aplikasi sukses pesan tinggal ambil eh pas outlet pizza batal cara pihak karyawan padahal status aplikasi siap ambil kasir sopan,"['aplikasi', 'sukses', 'pesan', 'tinggal', 'ambil', 'eh', 'pas', 'outlet', 'pizza', 'batal', 'cara', 'pihak', 'karyawan', 'padahal', 'status', 'aplikasi', 'siap', 'ambil', 'kasir', 'sopan']"
sangat membantu dan pemesanan,"['sangat', 'membantu', 'dan', 'pemesanan']",sangat bantu dan mesan,sangat bantu mesan,"['sangat', 'bantu', 'mesan']"
promo nya suka tidak jelas,"['promo', 'nya', 'suka', 'tidak', 'jelas']",promo nya suka tidak jelas,promo suka jelas,"['promo', 'suka', 'jelas']"
minta refund malah diketawain staff sopan kah begitu,"['minta', 'refund', 'malah', 'diketawain', 'staff', 'sopan', 'kah', 'begitu']",minta refund malah diketawain staff sopan kah begitu,minta refund malah diketawain staff sopan,"['minta', 'refund', 'malah', 'diketawain', 'staff', 'sopan']"
staff nya tidak punya adab outlet mega mall batam centre,"['staff', 'nya', 'tidak', 'punya', 'adab', 'outlet', 'mega', 'mall', 'batam', 'centre']",staff nya tidak punya adab outlet mega mall batam centre,staff punya adab outlet mega mall batam centre,"['staff', 'punya', 'adab', 'outlet', 'mega', 'mall', 'batam', 'centre']"
aplikasi gatal  promonya bohong hoaks sudah bayar pakai ovo sampai di outlet ditolak suek hati penipuan,"['aplikasi', 'gatal', 'promonya', 'bohong', 'hoaks', 'sudah', 'bayar', 'pakai', 'ovo', 'sampai', 'di', 'outlet', 'ditolak', 'suek', 'hati', 'penipuan']",aplikasi gatal promonya bohong hoaks sudah bayar pakai ovo sampai di outlet tolak suek hati tipu,aplikasi gatal promonya bohong hoaks bayar pakai ovo outlet tolak suek hati tipu,"['aplikasi', 'gatal', 'promonya', 'bohong', 'hoaks', 'bayar', 'pakai', 'ovo', 'outlet', 'tolak', 'suek', 'hati', 'tipu']"
cepat dan bikin happy,"['cepat', 'dan', 'bikin', 'happy']",cepat dan bikin happy,cepat bikin happy,"['cepat', 'bikin', 'happy']"
harusnya bukan phd tapi php wkwk,"['harusnya', 'bukan', 'phd', 'tapi', 'php', 'wkwk']",harus bukan phd tapi php wkwk,bukan phd php wkwk,"['bukan', 'phd', 'php', 'wkwk']"
promo nebak negara bolatapi tidak siap kalau  tidak siap tidak usah iklan pesananku cuma bisa diambil sama  karyawan disuruh refund padahal  status masakan finished semua bagaimana  bisa direfund terus  yang  finished itu sapa yang  mknkaryawannya ya,"['promo', 'nebak', 'negara', 'bolatapi', 'tidak', 'siap', 'kalau', 'tidak', 'siap', 'tidak', 'usah', 'iklan', 'pesananku', 'cuma', 'bisa', 'diambil', 'sama', 'karyawan', 'disuruh', 'refund', 'padahal', 'status', 'masakan', 'finished', 'semua', 'bagaimana', 'bisa', 'direfund', 'terus', 'yang', 'finished', 'itu', 'sapa', 'yang', 'mknkaryawannya', 'ya']",promo nebak negara bolatapi tidak siap kalau tidak siap tidak usah iklan pesan cuma bisa ambil sama karyawan suruh refund padahal status masakan finished semua bagaimana bisa direfund terus yang finished itu sapa yang mknkaryawannya ya,promo nebak negara bolatapi siap siap usah iklan pesan ambil karyawan suruh refund padahal status masakan finished semua bagaimana direfund terus finished sapa mknkaryawannya,"['promo', 'nebak', 'negara', 'bolatapi', 'siap', 'siap', 'usah', 'iklan', 'pesan', 'ambil', 'karyawan', 'suruh', 'refund', 'padahal', 'status', 'masakan', 'finished', 'semua', 'bagaimana', 'direfund', 'terus', 'finished', 'sapa', 'mknkaryawannya']"
ribet sudah mengadakan  promo tidak jelas bet,"['ribet', 'sudah', 'mengadakan', 'promo', 'tidak', 'jelas', 'bet']",ribet sudah ada promo tidak jelas bet,ribet promo jelas bet,"['ribet', 'promo', 'jelas', 'bet']"
aplikasi tidak jelas mengadakan  promo tapi harus komen ig dan nunggu di balas  admin kalau memang  ada ketentuan seperti itu di cantumkan dalam aplikasinya kalau tidak niat kasih  promo tidak usah mengadakan  promo ujungnya cuma bikin kecewa karena  pesanan tidak bisa di ambil dan di batalkan sepihak,"['aplikasi', 'tidak', 'jelas', 'mengadakan', 'promo', 'tapi', 'harus', 'komen', 'ig', 'dan', 'nunggu', 'di', 'balas', 'admin', 'kalau', 'memang', 'ada', 'ketentuan', 'seperti', 'itu', 'di', 'cantumkan', 'dalam', 'aplikasinya', 'kalau', 'tidak', 'niat', 'kasih', 'promo', 'tidak', 'usah', 'mengadakan', 'promo', 'ujungnya', 'cuma', 'bikin', 'kecewa', 'karena', 'pesanan', 'tidak', 'bisa', 'di', 'ambil', 'dan', 'di', 'batalkan', 'sepihak']",aplikasi tidak jelas ada promo tapi harus komen ig dan nunggu di balas admin kalau memang ada tentu seperti itu di cantum dalam aplikasi kalau tidak niat kasih promo tidak usah ada promo ujung cuma bikin kecewa karena pesan tidak bisa di ambil dan di batal pihak,aplikasi jelas promo komen ig nunggu balas admin memang cantum aplikasi niat kasih promo usah promo ujung bikin kecewa pesan ambil batal pihak,"['aplikasi', 'jelas', 'promo', 'komen', 'ig', 'nunggu', 'balas', 'admin', 'memang', 'cantum', 'aplikasi', 'niat', 'kasih', 'promo', 'usah', 'promo', 'ujung', 'bikin', 'kecewa', 'pesan', 'ambil', 'batal', 'pihak']"
tidak untuk pelayanan di pizza hut tegal tepatnya dibagian kasir,"['tidak', 'untuk', 'pelayanan', 'di', 'pizza', 'hut', 'tegal', 'tepatnya', 'dibagian', 'kasir']",tidak untuk layan di pizza hut tegal tepat bagi kasir,layan pizza hut tegal tepat kasir,"['layan', 'pizza', 'hut', 'tegal', 'tepat', 'kasir']"
orderan masuk hitam  di acc nya cuma pizxa saja  payah benar  phd,"['orderan', 'masuk', 'hitam', 'di', 'acc', 'nya', 'cuma', 'pizxa', 'saja', 'payah', 'benar', 'phd']",order masuk hitam di acc nya cuma pizxa saja payah benar phd,order masuk hitam acc pizxa payah benar phd,"['order', 'masuk', 'hitam', 'acc', 'pizxa', 'payah', 'benar', 'phd']"
scam sudah pesan  dan dibayar malah disuruh nampilin komen ig kalau  tidak niat buat event tidak usah buat badut,"['scam', 'sudah', 'pesan', 'dan', 'dibayar', 'malah', 'disuruh', 'nampilin', 'komen', 'ig', 'kalau', 'tidak', 'niat', 'buat', 'event', 'tidak', 'usah', 'buat', 'badut']",scam sudah pesan dan bayar malah suruh nampilin komen ig kalau tidak niat buat event tidak usah buat badut,scam pesan bayar malah suruh nampilin komen ig niat event usah badut,"['scam', 'pesan', 'bayar', 'malah', 'suruh', 'nampilin', 'komen', 'ig', 'niat', 'event', 'usah', 'badut']"
aplikasi ampas,"['aplikasi', 'ampas']",aplikasi ampas,aplikasi ampas,"['aplikasi', 'ampas']"
kasir phd sidoarjo sangat mengecewakan,"['kasir', 'phd', 'sidoarjo', 'sangat', 'mengecewakan']",kasir phd sidoarjo sangat kecewa,kasir phd sidoarjo sangat kecewa,"['kasir', 'phd', 'sidoarjo', 'sangat', 'kecewa']"
mau login registrasi saja  tidak bisa,"['mau', 'login', 'registrasi', 'saja', 'tidak', 'bisa']",mau login registrasi saja tidak bisa,mau login registrasi,"['mau', 'login', 'registrasi']"
menu sering sekali tidak muncul capai  mau pesanan saja  harus nunggu lama sangat ,"['menu', 'sering', 'sekali', 'tidak', 'muncul', 'capai', 'mau', 'pesanan', 'saja', 'harus', 'nunggu', 'lama', 'sangat']",menu sering sekali tidak muncul capai mau pesan saja harus nunggu lama sangat,menu sering sekali muncul capai mau pesan nunggu lama sangat,"['menu', 'sering', 'sekali', 'muncul', 'capai', 'mau', 'pesan', 'nunggu', 'lama', 'sangat']"
pelayanan busuk tidak niat melayani cuatomer najis,"['pelayanan', 'busuk', 'tidak', 'niat', 'melayani', 'cuatomer', 'najis']",layan busuk tidak niat layan cuatomer najis,layan busuk niat layan cuatomer najis,"['layan', 'busuk', 'niat', 'layan', 'cuatomer', 'najis']"
saya mau daftar password salah terus  kocak memang di aplikasi nya,"['saya', 'mau', 'daftar', 'password', 'salah', 'terus', 'kocak', 'memang', 'di', 'aplikasi', 'nya']",saya mau daftar password salah terus kocak memang di aplikasi nya,mau daftar password salah terus kocak memang aplikasi,"['mau', 'daftar', 'password', 'salah', 'terus', 'kocak', 'memang', 'aplikasi']"
tolong lah perbaiki aplikasi nya ngelag parah sering error,"['tolong', 'lah', 'perbaiki', 'aplikasi', 'nya', 'ngelag', 'parah', 'sering', 'error']",tolong lah baik aplikasi nya ngelag parah sering error,lah baik aplikasi ngelag parah sering error,"['lah', 'baik', 'aplikasi', 'ngelag', 'parah', 'sering', 'error']"
gokil mang,"['gokil', 'mang']",gokil mang,gokil mang,"['gokil', 'mang']"
aplikasi scam kok saya tadi punya orderan dan sudah bayar malah sudah hilang orderan nya saya punya bukti ss orderan saya,"['aplikasi', 'scam', 'kok', 'saya', 'tadi', 'punya', 'orderan', 'dan', 'sudah', 'bayar', 'malah', 'sudah', 'hilang', 'orderan', 'nya', 'saya', 'punya', 'bukti', 'ss', 'orderan', 'saya']",aplikasi scam kok saya tadi punya order dan sudah bayar malah sudah hilang order nya saya punya bukti ss order saya,aplikasi scam kok tadi punya order bayar malah hilang order punya bukti ss order,"['aplikasi', 'scam', 'kok', 'tadi', 'punya', 'order', 'bayar', 'malah', 'hilang', 'order', 'punya', 'bukti', 'ss', 'order']"
aplikasi tidak jelas regis saja  tidak bisa tollol,"['aplikasi', 'tidak', 'jelas', 'regis', 'saja', 'tidak', 'bisa', 'tollol']",aplikasi tidak jelas regis saja tidak bisa tollol,aplikasi jelas regis tollol,"['aplikasi', 'jelas', 'regis', 'tollol']"
tidak niat promo,"['tidak', 'niat', 'promo']",tidak niat promo,niat promo,"['niat', 'promo']"
phd phr drama semua tidak jelas,"['phd', 'phr', 'drama', 'semua', 'tidak', 'jelas']",phd phr drama semua tidak jelas,phd phr drama semua jelas,"['phd', 'phr', 'drama', 'semua', 'jelas']"
kalau  kasih  promo yang  benar  saja  minimal cancel saja  daripada  kesana tidak bisa itnya yang  salah kok nyalahin ngotot saja  refund akwkwkwk,"['kalau', 'kasih', 'promo', 'yang', 'benar', 'saja', 'minimal', 'cancel', 'saja', 'daripada', 'kesana', 'tidak', 'bisa', 'itnya', 'yang', 'salah', 'kok', 'nyalahin', 'ngotot', 'saja', 'refund', 'akwkwkwk']",kalau kasih promo yang benar saja minimal cancel saja daripada kesana tidak bisa itnya yang salah kok nyalahin ngotot saja refund akwkwkwk,kasih promo benar minimal cancel kesana itnya salah kok nyalahin ngotot refund akwkwkwk,"['kasih', 'promo', 'benar', 'minimal', 'cancel', 'kesana', 'itnya', 'salah', 'kok', 'nyalahin', 'ngotot', 'refund', 'akwkwkwk']"
mantap cuma bayar,"['mantap', 'cuma', 'bayar']",mantap cuma bayar,mantap bayar,"['mantap', 'bayar']"
thank very much,"['thank', 'very', 'much']",thank very much,thank very much,"['thank', 'very', 'much']"
mantap sering ada promo menarik,"['mantap', 'sering', 'ada', 'promo', 'menarik']",mantap sering ada promo tarik,mantap sering promo tarik,"['mantap', 'sering', 'promo', 'tarik']"
mau login pakai  email yang sudah terdaftar tapi lupa password dan tidak di kirim kirim ke email cara merubah paswordnya mau sign in ulang tidak bisa karena  nomor sudah terdaftar,"['mau', 'login', 'pakai', 'email', 'yang', 'sudah', 'terdaftar', 'tapi', 'lupa', 'password', 'dan', 'tidak', 'di', 'kirim', 'kirim', 'ke', 'email', 'cara', 'merubah', 'paswordnya', 'mau', 'sign', 'in', 'ulang', 'tidak', 'bisa', 'karena', 'nomor', 'sudah', 'terdaftar']",mau login pakai email yang sudah daftar tapi lupa password dan tidak di kirim kirim ke email cara rubah paswordnya mau sign in ulang tidak bisa karena nomor sudah daftar,mau login pakai email daftar lupa password kirim kirim email cara rubah paswordnya mau sign in ulang nomor daftar,"['mau', 'login', 'pakai', 'email', 'daftar', 'lupa', 'password', 'kirim', 'kirim', 'email', 'cara', 'rubah', 'paswordnya', 'mau', 'sign', 'in', 'ulang', 'nomor', 'daftar']"
gooddd,['gooddd'],gooddd,gooddd,['gooddd']
aplikasi sangat membantu banyak promo,"['aplikasi', 'sangat', 'membantu', 'banyak', 'promo']",aplikasi sangat bantu banyak promo,aplikasi sangat bantu banyak promo,"['aplikasi', 'sangat', 'bantu', 'banyak', 'promo']"
guudf,['guudf'],guudf,guudf,['guudf']
makasih pizza hut banyak  promonya,"['makasih', 'pizza', 'hut', 'banyak', 'promonya']",makasih pizza hut banyak promonya,makasih pizza hut banyak promonya,"['makasih', 'pizza', 'hut', 'banyak', 'promonya']"
terimakasih kak aplikasi nya sangat membantu sekali,"['terimakasih', 'kak', 'aplikasi', 'nya', 'sangat', 'membantu', 'sekali']",terimakasih kak aplikasi nya sangat bantu sekali,terimakasih kak aplikasi sangat bantu sekali,"['terimakasih', 'kak', 'aplikasi', 'sangat', 'bantu', 'sekali']"
mantappp,['mantappp'],mantappp,mantappp,['mantappp']
banyak promo,"['banyak', 'promo']",banyak promo,banyak promo,"['banyak', 'promo']"
keren promoannya,"['keren', 'promoannya']",keren promoannya,keren promoannya,"['keren', 'promoannya']"
kasih kupon gratis tiap hari biar makmur ya kak,"['kasih', 'kupon', 'gratis', 'tiap', 'hari', 'biar', 'makmur', 'ya', 'kak']",kasih kupon gratis tiap hari biar makmur ya kak,kasih kupon gratis tiap hari biar makmur kak,"['kasih', 'kupon', 'gratis', 'tiap', 'hari', 'biar', 'makmur', 'kak']"
kasirnya menghalangi untuk ambil pesanan ambil orderanhanya boleh ambil orderan mohon jika sudah ada nomor orderan jangan di halangi buat ambil orderan,"['kasirnya', 'menghalangi', 'untuk', 'ambil', 'pesanan', 'ambil', 'orderanhanya', 'boleh', 'ambil', 'orderan', 'mohon', 'jika', 'sudah', 'ada', 'nomor', 'orderan', 'jangan', 'di', 'halangi', 'buat', 'ambil', 'orderan']",kasir halang untuk ambil pesan ambil orderanhanya boleh ambil order mohon jika sudah ada nomor order jangan di halang buat ambil order,kasir halang ambil pesan ambil orderanhanya ambil order mohon nomor order jangan halang ambil order,"['kasir', 'halang', 'ambil', 'pesan', 'ambil', 'orderanhanya', 'ambil', 'order', 'mohon', 'nomor', 'order', 'jangan', 'halang', 'ambil', 'order']"
siang bolong bukannye senang  malah gedeg,"['siang', 'bolong', 'bukannye', 'senang', 'malah', 'gedeg']",siang bolong bukannye senang malah gedeg,siang bolong bukannye senang malah gedeg,"['siang', 'bolong', 'bukannye', 'senang', 'malah', 'gedeg']"
tidak bisa login woi,"['tidak', 'bisa', 'login', 'woi']",tidak bisa login woi,login woi,"['login', 'woi']"
tiap masuk my voucher langsung log out sendiri masuknya susah tiba logout sendiri,"['tiap', 'masuk', 'my', 'voucher', 'langsung', 'log', 'out', 'sendiri', 'masuknya', 'susah', 'tiba', 'logout', 'sendiri']",tiap masuk my voucher langsung log out sendiri masuk susah tiba logout sendiri,tiap masuk my voucher langsung log out sendiri masuk susah tiba logout sendiri,"['tiap', 'masuk', 'my', 'voucher', 'langsung', 'log', 'out', 'sendiri', 'masuk', 'susah', 'tiba', 'logout', 'sendiri']"
ini parah sekali  sih mau login saja  susahnya minta ampun,"['ini', 'parah', 'sekali', 'sih', 'mau', 'login', 'saja', 'susahnya', 'minta', 'ampun']",ini parah sekali sih mau login saja susah minta ampun,parah sekali sih mau login susah minta ampun,"['parah', 'sekali', 'sih', 'mau', 'login', 'susah', 'minta', 'ampun']"
aplikasi blok programming ui ux nya dibayar murah kali ya hahah koplok anjirrrrrrr daftar saja  ruwettt aplikasi error blok kecewa berat b,"['aplikasi', 'blok', 'programming', 'ui', 'ux', 'nya', 'dibayar', 'murah', 'kali', 'ya', 'hahah', 'koplok', 'anjirrrrrrr', 'daftar', 'saja', 'ruwettt', 'aplikasi', 'error', 'blok', 'kecewa', 'berat', 'b']",aplikasi blok programming ui ux nya bayar murah kali ya hahah koplok anjirrrrrrr daftar saja ruwettt aplikasi error blok kecewa berat b,aplikasi blok programming ui ux bayar murah kali hahah koplok anjirrrrrrr daftar ruwettt aplikasi error blok kecewa berat b,"['aplikasi', 'blok', 'programming', 'ui', 'ux', 'bayar', 'murah', 'kali', 'hahah', 'koplok', 'anjirrrrrrr', 'daftar', 'ruwettt', 'aplikasi', 'error', 'blok', 'kecewa', 'berat', 'b']"
mau login ke log out terus  ngapa si,"['mau', 'login', 'ke', 'log', 'out', 'terus', 'ngapa', 'si']",mau login ke log out terus ngapa si,mau login log out terus ngapa si,"['mau', 'login', 'log', 'out', 'terus', 'ngapa', 'si']"
leletttt,['leletttt'],leletttt,leletttt,['leletttt']
aplikasi error tidak bisa dibuka log out terus,"['aplikasi', 'error', 'tidak', 'bisa', 'dibuka', 'log', 'out', 'terus']",aplikasi error tidak bisa buka log out terus,aplikasi error buka log out terus,"['aplikasi', 'error', 'buka', 'log', 'out', 'terus']"
tidak usah didownload aplikasi nya buruk sekali  penuh bug dan slow,"['tidak', 'usah', 'didownload', 'aplikasi', 'nya', 'buruk', 'sekali', 'penuh', 'bug', 'dan', 'slow']",tidak usah didownload aplikasi nya buruk sekali penuh bug dan slow,usah didownload aplikasi buruk sekali penuh bug slow,"['usah', 'didownload', 'aplikasi', 'buruk', 'sekali', 'penuh', 'bug', 'slow']"
mau login susah nya minta ampun loading terus ,"['mau', 'login', 'susah', 'nya', 'minta', 'ampun', 'loading', 'terus']",mau login susah nya minta ampun loading terus,mau login susah minta ampun loading terus,"['mau', 'login', 'susah', 'minta', 'ampun', 'loading', 'terus']"
aplikasi payah mau login tidak bisa,"['aplikasi', 'payah', 'mau', 'login', 'tidak', 'bisa']",aplikasi payah mau login tidak bisa,aplikasi payah mau login,"['aplikasi', 'payah', 'mau', 'login']"
terbaik memudahkan pemesanan,"['terbaik', 'memudahkan', 'pemesanan']",baik mudah mesan,baik mudah mesan,"['baik', 'mudah', 'mesan']"
aplikasi ini bagus sekali,"['aplikasi', 'ini', 'bagus', 'sekali']",aplikasi ini bagus sekali,aplikasi bagus sekali,"['aplikasi', 'bagus', 'sekali']"
mantap lebih mudah memesan dan lebih banyak promonya,"['mantap', 'lebih', 'mudah', 'memesan', 'dan', 'lebih', 'banyak', 'promonya']",mantap lebih mudah mes dan lebih banyak promonya,mantap lebih mudah mes lebih banyak promonya,"['mantap', 'lebih', 'mudah', 'mes', 'lebih', 'banyak', 'promonya']"
very good,"['very', 'good']",very good,very good,"['very', 'good']"
tolong lah dibenerin aplikasinya masa tiap mau pesan  harus bersihin chace dan data dulu kalau  tidak cuma loading saja  tidak bisa masuk ke daftar menu percuma bikin aplikasi kalau  akhirnya pesennya lewat aplikasi lain  gofoodshopefood,"['tolong', 'lah', 'dibenerin', 'aplikasinya', 'masa', 'tiap', 'mau', 'pesan', 'harus', 'bersihin', 'chace', 'dan', 'data', 'dulu', 'kalau', 'tidak', 'cuma', 'loading', 'saja', 'tidak', 'bisa', 'masuk', 'ke', 'daftar', 'menu', 'percuma', 'bikin', 'aplikasi', 'kalau', 'akhirnya', 'pesennya', 'lewat', 'aplikasi', 'lain', 'gofoodshopefood']",tolong lah dibenerin aplikasi masa tiap mau pesan harus bersihin chace dan data dulu kalau tidak cuma loading saja tidak bisa masuk ke daftar menu percuma bikin aplikasi kalau akhir sen lewat aplikasi lain gofoodshopefood,lah dibenerin aplikasi masa tiap mau pesan bersihin chace data dulu loading masuk daftar menu percuma bikin aplikasi akhir sen lewat aplikasi gofoodshopefood,"['lah', 'dibenerin', 'aplikasi', 'masa', 'tiap', 'mau', 'pesan', 'bersihin', 'chace', 'data', 'dulu', 'loading', 'masuk', 'daftar', 'menu', 'percuma', 'bikin', 'aplikasi', 'akhir', 'sen', 'lewat', 'aplikasi', 'gofoodshopefood']"
fitur aplikasi tidak lengkap,"['fitur', 'aplikasi', 'tidak', 'lengkap']",fitur aplikasi tidak lengkap,fitur aplikasi lengkap,"['fitur', 'aplikasi', 'lengkap']"
muatabb,['muatabb'],muatabb,muatabb,['muatabb']
aplikasi kocak mau sign up saja  susah benar ,"['aplikasi', 'kocak', 'mau', 'sign', 'up', 'saja', 'susah', 'benar']",aplikasi kocak mau sign up saja susah benar,aplikasi kocak mau sign up susah benar,"['aplikasi', 'kocak', 'mau', 'sign', 'up', 'susah', 'benar']"
sangat bagus kita yang  malas bergerak bisa pesan pizza lewat online jadi tertolong tidak jau jau deh,"['sangat', 'bagus', 'kita', 'yang', 'malas', 'bergerak', 'bisa', 'pesan', 'pizza', 'lewat', 'online', 'jadi', 'tertolong', 'tidak', 'jau', 'jau', 'deh']",sangat bagus kita yang malas gerak bisa pesan pizza lewat online jadi tolong tidak jau jau deh,sangat bagus malas gerak pesan pizza lewat online jau jau,"['sangat', 'bagus', 'malas', 'gerak', 'pesan', 'pizza', 'lewat', 'online', 'jau', 'jau']"
pizza nya tidak usa di ragukan lagi dari dulu selalu enakkk pelayanannya bisa lebih ditingkatkan lagii but overall everythings good perfectoo sukses selalu pizza hut,"['pizza', 'nya', 'tidak', 'usa', 'di', 'ragukan', 'lagi', 'dari', 'dulu', 'selalu', 'enakkk', 'pelayanannya', 'bisa', 'lebih', 'ditingkatkan', 'lagii', 'but', 'overall', 'everythings', 'good', 'perfectoo', 'sukses', 'selalu', 'pizza', 'hut']",pizza nya tidak usa di ragu lagi dari dulu selalu enakkk layan bisa lebih tingkat lagi but overall everythings good perfectoo sukses selalu pizza hut,pizza usa ragu dulu selalu enakkk layan lebih tingkat overall everythings good perfectoo sukses selalu pizza hut,"['pizza', 'usa', 'ragu', 'dulu', 'selalu', 'enakkk', 'layan', 'lebih', 'tingkat', 'overall', 'everythings', 'good', 'perfectoo', 'sukses', 'selalu', 'pizza', 'hut']"
aplikasi bobrok tidak bisa pesan  ngehang terus ,"['aplikasi', 'bobrok', 'tidak', 'bisa', 'pesan', 'ngehang', 'terus']",aplikasi bobrok tidak bisa pesan ngehang terus,aplikasi bobrok pesan ngehang terus,"['aplikasi', 'bobrok', 'pesan', 'ngehang', 'terus']"
ini gimana sih katanya kode otp dikirim ke whats aplikasi tapi tidak muncul juga sudah  di klik kirim ulang tetap tidak ada,"['ini', 'gimana', 'sih', 'katanya', 'kode', 'otp', 'dikirim', 'ke', 'whats', 'aplikasi', 'tapi', 'tidak', 'muncul', 'juga', 'sudah', 'di', 'klik', 'kirim', 'ulang', 'tetap', 'tidak', 'ada']",ini gimana sih kata kode otp kirim ke whats aplikasi tapi tidak muncul juga sudah di klik kirim ulang tetap tidak ada,gimana sih kata kode otp kirim whats aplikasi muncul klik kirim ulang tetap,"['gimana', 'sih', 'kata', 'kode', 'otp', 'kirim', 'whats', 'aplikasi', 'muncul', 'klik', 'kirim', 'ulang', 'tetap']"
sering dapat  promo gratis,"['sering', 'dapat', 'promo', 'gratis']",sering dapat promo gratis,sering promo gratis,"['sering', 'promo', 'gratis']"
aplikasi mudah dipakai,"['aplikasi', 'mudah', 'dipakai']",aplikasi mudah pakai,aplikasi mudah pakai,"['aplikasi', 'mudah', 'pakai']"
aplikasi yang  bagus dan multifungsi,"['aplikasi', 'yang', 'bagus', 'dan', 'multifungsi']",aplikasi yang bagus dan multifungsi,aplikasi bagus multifungsi,"['aplikasi', 'bagus', 'multifungsi']"
pizzanya orang indonesia,"['pizzanya', 'orang', 'indonesia']",pizzanya orang indonesia,pizzanya orang indonesia,"['pizzanya', 'orang', 'indonesia']"
pizza hut jampang parungtolong dongdi perbaiki lagi  orderan online nyajngn sampai saya  ijoin biar ramemasak menit dari  kutipan waktu di bilt belum jadikita driver online butuh waktu,"['pizza', 'hut', 'jampang', 'parungtolong', 'dongdi', 'perbaiki', 'lagi', 'orderan', 'online', 'nyajngn', 'sampai', 'saya', 'ijoin', 'biar', 'ramemasak', 'menit', 'dari', 'kutipan', 'waktu', 'di', 'bilt', 'belum', 'jadikita', 'driver', 'online', 'butuh', 'waktu']",pizza hut jampang parungtolong dongdi baik lagi order online nyajngn sampai saya ijoin biar ramemasak menit dari kutip waktu di bilt belum jadikita driver online butuh waktu,pizza hut jampang parungtolong dongdi baik order online nyajngn ijoin biar ramemasak menit kutip waktu bilt jadikita driver online butuh waktu,"['pizza', 'hut', 'jampang', 'parungtolong', 'dongdi', 'baik', 'order', 'online', 'nyajngn', 'ijoin', 'biar', 'ramemasak', 'menit', 'kutip', 'waktu', 'bilt', 'jadikita', 'driver', 'online', 'butuh', 'waktu']"
ultah diberikan gratis pizza loh surprise sangat ,"['ultah', 'diberikan', 'gratis', 'pizza', 'loh', 'surprise', 'sangat']",ultah beri gratis pizza loh surprise sangat,ultah beri gratis pizza loh surprise sangat,"['ultah', 'beri', 'gratis', 'pizza', 'loh', 'surprise', 'sangat']"
praktis tanpa antri,"['praktis', 'tanpa', 'antri']",praktis tanpa antri,praktis antri,"['praktis', 'antri']"
pengiriman cepat terimakasih,"['pengiriman', 'cepat', 'terimakasih']",kirim cepat terimakasih,kirim cepat terimakasih,"['kirim', 'cepat', 'terimakasih']"
enak pisan,"['enak', 'pisan']",enak pis,enak pis,"['enak', 'pis']"
membantu diwaktu lapar,"['membantu', 'diwaktu', 'lapar']",bantu waktu lapar,bantu waktu lapar,"['bantu', 'waktu', 'lapar']"
aplikasi tidak jelas masa iya setiap mau masuk ke aplikasi nya harus login google dulu ,"['aplikasi', 'tidak', 'jelas', 'masa', 'iya', 'setiap', 'mau', 'masuk', 'ke', 'aplikasi', 'nya', 'harus', 'login', 'google', 'dulu']",aplikasi tidak jelas masa iya tiap mau masuk ke aplikasi nya harus login google dulu,aplikasi jelas masa iya tiap mau masuk aplikasi login google dulu,"['aplikasi', 'jelas', 'masa', 'iya', 'tiap', 'mau', 'masuk', 'aplikasi', 'login', 'google', 'dulu']"
mempermudah buat pesanan seru juga banyak  gratisannya,"['mempermudah', 'buat', 'pesanan', 'seru', 'juga', 'banyak', 'gratisannya']",mudah buat pesan seru juga banyak gratis,mudah pesan seru banyak gratis,"['mudah', 'pesan', 'seru', 'banyak', 'gratis']"
aplikasinya bagus dapat promo mantab,"['aplikasinya', 'bagus', 'dapat', 'promo', 'mantab']",aplikasi bagus dapat promo mantab,aplikasi bagus promo mantab,"['aplikasi', 'bagus', 'promo', 'mantab']"
sangat membantu saat lapar,"['sangat', 'membantu', 'saat', 'lapar']",sangat bantu saat lapar,sangat bantu lapar,"['sangat', 'bantu', 'lapar']"
mau pizza ya pizza hut,"['mau', 'pizza', 'ya', 'pizza', 'hut']",mau pizza ya pizza hut,mau pizza pizza hut,"['mau', 'pizza', 'pizza', 'hut']"
mantap banyk promonya hanya ada yang  kurang karena  delivery kena pajak harusnya kan ongkos kirim saja  soalnya delivery tidak  makan di tempat jadi sekiranya pihak menejemen pizza bisa mempertimbangkan kedepannya ya makasih,"['mantap', 'banyk', 'promonya', 'hanya', 'ada', 'yang', 'kurang', 'karena', 'delivery', 'kena', 'pajak', 'harusnya', 'kan', 'ongkos', 'kirim', 'saja', 'soalnya', 'delivery', 'tidak', 'makan', 'di', 'tempat', 'jadi', 'sekiranya', 'pihak', 'menejemen', 'pizza', 'bisa', 'mempertimbangkan', 'kedepannya', 'ya', 'makasih']",mantap banyk promonya hanya ada yang kurang karena delivery kena pajak harus kan ongkos kirim saja soal delivery tidak makan di tempat jadi sekira pihak menejemen pizza bisa timbang depan ya makasih,mantap banyk promonya kurang delivery kena pajak kan ongkos kirim soal delivery makan tempat sekira pihak menejemen pizza timbang depan makasih,"['mantap', 'banyk', 'promonya', 'kurang', 'delivery', 'kena', 'pajak', 'kan', 'ongkos', 'kirim', 'soal', 'delivery', 'makan', 'tempat', 'sekira', 'pihak', 'menejemen', 'pizza', 'timbang', 'depan', 'makasih']"
sudah jauh lebih stabil mantap sisanya tinggal tmbahin promo,"['sudah', 'jauh', 'lebih', 'stabil', 'mantap', 'sisanya', 'tinggal', 'tmbahin', 'promo']",sudah jauh lebih stabil mantap sisa tinggal tmbahin promo,jauh lebih stabil mantap sisa tinggal tmbahin promo,"['jauh', 'lebih', 'stabil', 'mantap', 'sisa', 'tinggal', 'tmbahin', 'promo']"
aplikasi error terussssss titik maps tidak jelas,"['aplikasi', 'error', 'terussssss', 'titik', 'maps', 'tidak', 'jelas']",aplikasi error terussssss titik maps tidak jelas,aplikasi error terussssss titik maps jelas,"['aplikasi', 'error', 'terussssss', 'titik', 'maps', 'jelas']"
sangat mudah,"['sangat', 'mudah']",sangat mudah,sangat mudah,"['sangat', 'mudah']"
bagusss,['bagusss'],bagusss,bagusss,['bagusss']
pesan chese overflow tidak ada itu chesee nyamales beli lagi pizza hut kendari andonohu,"['pesan', 'chese', 'overflow', 'tidak', 'ada', 'itu', 'chesee', 'nyamales', 'beli', 'lagi', 'pizza', 'hut', 'kendari', 'andonohu']",pesan chese overflow tidak ada itu chesee nyamales beli lagi pizza hut kendari andonohu,pesan chese overflow chesee nyamales beli pizza hut kendari andonohu,"['pesan', 'chese', 'overflow', 'chesee', 'nyamales', 'beli', 'pizza', 'hut', 'kendari', 'andonohu']"
lebih mudah digunakan dan selalu update pemberitahuan promo,"['lebih', 'mudah', 'digunakan', 'dan', 'selalu', 'update', 'pemberitahuan', 'promo']",lebih mudah guna dan selalu update pemberitahuan promo,lebih mudah selalu update pemberitahuan promo,"['lebih', 'mudah', 'selalu', 'update', 'pemberitahuan', 'promo']"
memudahkan,['memudahkan'],mudah,mudah,['mudah']
super sih aplikasi yang  simpel praktis dan menyedian metode pembayaran yang  beda sendiri dan tetap terbaik,"['super', 'sih', 'aplikasi', 'yang', 'simpel', 'praktis', 'dan', 'menyedian', 'metode', 'pembayaran', 'yang', 'beda', 'sendiri', 'dan', 'tetap', 'terbaik']",super sih aplikasi yang simpel praktis dan dian metode bayar yang beda sendiri dan tetap baik,super sih aplikasi simpel praktis dian metode bayar beda sendiri tetap baik,"['super', 'sih', 'aplikasi', 'simpel', 'praktis', 'dian', 'metode', 'bayar', 'beda', 'sendiri', 'tetap', 'baik']"
oke mantap,"['oke', 'mantap']",oke mantap,oke mantap,"['oke', 'mantap']"
percuma install terus  daftar kalau  tetap  saja  tidak bisa delivery,"['percuma', 'install', 'terus', 'daftar', 'kalau', 'tetap', 'saja', 'tidak', 'bisa', 'delivery']",percuma install terus daftar kalau tetap saja tidak bisa delivery,percuma install terus daftar tetap delivery,"['percuma', 'install', 'terus', 'daftar', 'tetap', 'delivery']"
staffnya sangat ramah dan membantu srkali dalam menggunakan aplikasi,"['staffnya', 'sangat', 'ramah', 'dan', 'membantu', 'srkali', 'dalam', 'menggunakan', 'aplikasi']",staffnya sangat ramah dan bantu srkali dalam guna aplikasi,staffnya sangat ramah bantu srkali aplikasi,"['staffnya', 'sangat', 'ramah', 'bantu', 'srkali', 'aplikasi']"
mau login ke akun yang  sudah ada tapi harus masukin kode otp dan dikirim via whatsapp sedangkan nomor yang saya daftarkan tidak terhubung ke whatsapp saya jadi tidak bisa login apalagi memesan pizza bad apps,"['mau', 'login', 'ke', 'akun', 'yang', 'sudah', 'ada', 'tapi', 'harus', 'masukin', 'kode', 'otp', 'dan', 'dikirim', 'via', 'whatsapp', 'sedangkan', 'nomor', 'yang', 'saya', 'daftarkan', 'tidak', 'terhubung', 'ke', 'whatsapp', 'saya', 'jadi', 'tidak', 'bisa', 'login', 'apalagi', 'memesan', 'pizza', 'bad', 'apps']",mau login ke akun yang sudah ada tapi harus masukin kode otp dan kirim via whatsapp sedang nomor yang saya daftar tidak hubung ke whatsapp saya jadi tidak bisa login apalagi mes pizza bad apps,mau login akun masukin kode otp kirim via whatsapp sedang nomor daftar hubung whatsapp login mes pizza bad apps,"['mau', 'login', 'akun', 'masukin', 'kode', 'otp', 'kirim', 'via', 'whatsapp', 'sedang', 'nomor', 'daftar', 'hubung', 'whatsapp', 'login', 'mes', 'pizza', 'bad', 'apps']"
pesan via aplikasi banyak freenya dan pointnya bisa ditukar dengan  makanan pesan via aplikasi banyak freenya dan pointnya bisa ditukar dengan  makananasyikk,"['pesan', 'via', 'aplikasi', 'banyak', 'freenya', 'dan', 'pointnya', 'bisa', 'ditukar', 'dengan', 'makanan', 'pesan', 'via', 'aplikasi', 'banyak', 'freenya', 'dan', 'pointnya', 'bisa', 'ditukar', 'dengan', 'makananasyikk']",pesan via aplikasi banyak freenya dan point bisa tukar dengan makan pesan via aplikasi banyak freenya dan point bisa tukar dengan makananasyikk,pesan via aplikasi banyak freenya point tukar makan pesan via aplikasi banyak freenya point tukar makananasyikk,"['pesan', 'via', 'aplikasi', 'banyak', 'freenya', 'point', 'tukar', 'makan', 'pesan', 'via', 'aplikasi', 'banyak', 'freenya', 'point', 'tukar', 'makananasyikk']"
me favorite,"['me', 'favorite']",me favorite,me favorite,"['me', 'favorite']"
pelayanan disini sangat baik,"['pelayanan', 'disini', 'sangat', 'baik']",layan sini sangat baik,layan sini sangat baik,"['layan', 'sini', 'sangat', 'baik']"
cepat lengkap banyak promo,"['cepat', 'lengkap', 'banyak', 'promo']",cepat lengkap banyak promo,cepat lengkap banyak promo,"['cepat', 'lengkap', 'banyak', 'promo']"
ferfecto,['ferfecto'],ferfecto,ferfecto,['ferfecto']
berat sangat  apknya cokkk,"['berat', 'sangat', 'apknya', 'cokkk']",berat sangat apknya cokkk,berat sangat apknya cokkk,"['berat', 'sangat', 'apknya', 'cokkk']"
responnya cepat dan pesanan selesai sesuai waktu ditentukan pizza hut the best,"['responnya', 'cepat', 'dan', 'pesanan', 'selesai', 'sesuai', 'waktu', 'ditentukan', 'pizza', 'hut', 'the', 'best']",responnya cepat dan pesan selesai sesuai waktu tentu pizza hut the best,responnya cepat pesan selesai sesuai waktu pizza hut the best,"['responnya', 'cepat', 'pesan', 'selesai', 'sesuai', 'waktu', 'pizza', 'hut', 'the', 'best']"
aplikasi favorit untuk pesan pizza hut online saat masih tinggal di malang sayang setelah pindah di madiun terdapat kendala jarak pengiriman dari gerai pizza hut ke rumah,"['aplikasi', 'favorit', 'untuk', 'pesan', 'pizza', 'hut', 'online', 'saat', 'masih', 'tinggal', 'di', 'malang', 'sayang', 'setelah', 'pindah', 'di', 'madiun', 'terdapat', 'kendala', 'jarak', 'pengiriman', 'dari', 'gerai', 'pizza', 'hut', 'ke', 'rumah']",aplikasi favorit untuk pesan pizza hut online saat masih tinggal di malang sayang telah pindah di madiun dapat kendala jarak kirim dari gerai pizza hut ke rumah,aplikasi favorit pesan pizza hut online tinggal malang sayang pindah madiun kendala jarak kirim gerai pizza hut rumah,"['aplikasi', 'favorit', 'pesan', 'pizza', 'hut', 'online', 'tinggal', 'malang', 'sayang', 'pindah', 'madiun', 'kendala', 'jarak', 'kirim', 'gerai', 'pizza', 'hut', 'rumah']"
aplikasinya ngebug tiap pilih menu keluar terus apknya mohon diperbaiki terimakasih,"['aplikasinya', 'ngebug', 'tiap', 'pilih', 'menu', 'keluar', 'terus', 'apknya', 'mohon', 'diperbaiki', 'terimakasih']",aplikasi ngebug tiap pilih menu keluar terus apknya mohon baik terimakasih,aplikasi ngebug tiap pilih menu keluar terus apknya mohon baik terimakasih,"['aplikasi', 'ngebug', 'tiap', 'pilih', 'menu', 'keluar', 'terus', 'apknya', 'mohon', 'baik', 'terimakasih']"
sangat tidak menyenangkan saya  pesan di menu delivery tapi di suruh take awaypadahal gd pemberitahuan sama sekali malah langsung hilang di menu pesanan ke,"['sangat', 'tidak', 'menyenangkan', 'saya', 'pesan', 'di', 'menu', 'delivery', 'tapi', 'di', 'suruh', 'take', 'awaypadahal', 'gd', 'pemberitahuan', 'sama', 'sekali', 'malah', 'langsung', 'hilang', 'di', 'menu', 'pesanan', 'ke']",sangat tidak senang saya pesan di menu delivery tapi di suruh take awaypadahal gd pemberitahuan sama sekali malah langsung hilang di menu pesan ke,sangat senang pesan menu delivery suruh take awaypadahal gd pemberitahuan sekali malah langsung hilang menu pesan,"['sangat', 'senang', 'pesan', 'menu', 'delivery', 'suruh', 'take', 'awaypadahal', 'gd', 'pemberitahuan', 'sekali', 'malah', 'langsung', 'hilang', 'menu', 'pesan']"
aplikasi tidak guna sudah lupa password tidak ada respon z sudah daftar pkek nomor baru tidak bisa juga apus saja  aplikasi nya buang waktu,"['aplikasi', 'tidak', 'guna', 'sudah', 'lupa', 'password', 'tidak', 'ada', 'respon', 'z', 'sudah', 'daftar', 'pkek', 'nomor', 'baru', 'tidak', 'bisa', 'juga', 'apus', 'saja', 'aplikasi', 'nya', 'buang', 'waktu']",aplikasi tidak guna sudah lupa password tidak ada respon z sudah daftar pkek nomor baru tidak bisa juga apus saja aplikasi nya buang waktu,aplikasi lupa password respon z daftar pkek nomor baru apus aplikasi buang waktu,"['aplikasi', 'lupa', 'password', 'respon', 'z', 'daftar', 'pkek', 'nomor', 'baru', 'apus', 'aplikasi', 'buang', 'waktu']"
biar bintang yang  berbicara,"['biar', 'bintang', 'yang', 'berbicara']",biar bintang yang bicara,biar bintang bicara,"['biar', 'bintang', 'bicara']"
sangat membantu dalam memesan,"['sangat', 'membantu', 'dalam', 'memesan']",sangat bantu dalam mes,sangat bantu mes,"['sangat', 'bantu', 'mes']"
mudah pengoperasiannya,"['mudah', 'pengoperasiannya']",mudah operasi,mudah operasi,"['mudah', 'operasi']"
aplikasi cacay,"['aplikasi', 'cacay']",aplikasi cacay,aplikasi cacay,"['aplikasi', 'cacay']"
bestt sangat berguna,"['bestt', 'sangat', 'berguna']",bestt sangat guna,bestt sangat,"['bestt', 'sangat']"
sangat membantu untuk  pemesanan pizza,"['sangat', 'membantu', 'untuk', 'pemesanan', 'pizza']",sangat bantu untuk mesan pizza,sangat bantu mesan pizza,"['sangat', 'bantu', 'mesan', 'pizza']"
pelayanan oke rasa juga oke,"['pelayanan', 'oke', 'rasa', 'juga', 'oke']",layan oke rasa juga oke,layan oke rasa oke,"['layan', 'oke', 'rasa', 'oke']"
bagussss,['bagussss'],bagussss,bagussss,['bagussss']
pelayanan cepat dan memuaskan,"['pelayanan', 'cepat', 'dan', 'memuaskan']",layan cepat dan muas,layan cepat muas,"['layan', 'cepat', 'muas']"
fast resp,"['fast', 'resp']",fast resp,fast resp,"['fast', 'resp']"
gagal registrasi terus ,"['gagal', 'registrasi', 'terus']",gagal registrasi terus,gagal registrasi terus,"['gagal', 'registrasi', 'terus']"
lebih baik,"['lebih', 'baik']",lebih baik,lebih baik,"['lebih', 'baik']"
aplikasi yang  buat hidup jadi mudah,"['aplikasi', 'yang', 'buat', 'hidup', 'jadi', 'mudah']",aplikasi yang buat hidup jadi mudah,aplikasi hidup mudah,"['aplikasi', 'hidup', 'mudah']"
daftar ribet berbelit belit orang mau beli kok di buat susah,"['daftar', 'ribet', 'berbelit', 'belit', 'orang', 'mau', 'beli', 'kok', 'di', 'buat', 'susah']",daftar ribet belit belit orang mau beli kok di buat susah,daftar ribet belit belit orang mau beli kok susah,"['daftar', 'ribet', 'belit', 'belit', 'orang', 'mau', 'beli', 'kok', 'susah']"
mempermudah pesanan banyak free nya ,"['mempermudah', 'pesanan', 'banyak', 'free', 'nya']",mudah pesan banyak free nya,mudah pesan banyak free,"['mudah', 'pesan', 'banyak', 'free']"
tidak bisa edit ulang tahun dan disarankan hapus akun untuk mendaftarkan akun baru dengan  data yang  benar untuk penggunaan nya rate,"['tidak', 'bisa', 'edit', 'ulang', 'tahun', 'dan', 'disarankan', 'hapus', 'akun', 'untuk', 'mendaftarkan', 'akun', 'baru', 'dengan', 'data', 'yang', 'benar', 'untuk', 'penggunaan', 'nya', 'rate']",tidak bisa edit ulang tahun dan saran hapus akun untuk daftar akun baru dengan data yang benar untuk guna nya rate,edit ulang tahun saran hapus akun daftar akun baru data benar rate,"['edit', 'ulang', 'tahun', 'saran', 'hapus', 'akun', 'daftar', 'akun', 'baru', 'data', 'benar', 'rate']"
suka donk dapat  gitf dari  ph karena  ultha,"['suka', 'donk', 'dapat', 'gitf', 'dari', 'ph', 'karena', 'ultha']",suka donk dapat gitf dari ph karena ultha,suka donk gitf ph ultha,"['suka', 'donk', 'gitf', 'ph', 'ultha']"
mudah penggunaan aplikasinyahanya sayangkalo mau delivery di daerah jagakarsa gang rawa belum terjangkau sampai saat initxs,"['mudah', 'penggunaan', 'aplikasinyahanya', 'sayangkalo', 'mau', 'delivery', 'di', 'daerah', 'jagakarsa', 'gang', 'rawa', 'belum', 'terjangkau', 'sampai', 'saat', 'initxs']",mudah guna aplikasinyahanya sayangkalo mau delivery di daerah jagakarsa gang rawa belum jangkau sampai saat initxs,mudah aplikasinyahanya sayangkalo mau delivery daerah jagakarsa gang rawa jangkau initxs,"['mudah', 'aplikasinyahanya', 'sayangkalo', 'mau', 'delivery', 'daerah', 'jagakarsa', 'gang', 'rawa', 'jangkau', 'initxs']"
fast response,"['fast', 'response']",fast response,fast response,"['fast', 'response']"
di update malah error terus  nih gps nya,"['di', 'update', 'malah', 'error', 'terus', 'nih', 'gps', 'nya']",di update malah error terus nih gps nya,update malah error terus gps,"['update', 'malah', 'error', 'terus', 'gps']"
buat scan barcode meja susah,"['buat', 'scan', 'barcode', 'meja', 'susah']",buat scan barcode meja susah,scan barcode meja susah,"['scan', 'barcode', 'meja', 'susah']"
mudah dan sangat membantu dimanapun kita berada,"['mudah', 'dan', 'sangat', 'membantu', 'dimanapun', 'kita', 'berada']",mudah dan sangat bantu mana kita ada,mudah sangat bantu mana,"['mudah', 'sangat', 'bantu', 'mana']"
luar,['luar'],luar,luar,['luar']
cepat dan mudah,"['cepat', 'dan', 'mudah']",cepat dan mudah,cepat mudah,"['cepat', 'mudah']"
banyak  point nya,"['banyak', 'point', 'nya']",banyak point nya,banyak point,"['banyak', 'point']"
senang  sangat  sekarang  semakin sering dapat  bonus pizza terus  cheeseflow nya worth itu sangat ,"['senang', 'sangat', 'sekarang', 'semakin', 'sering', 'dapat', 'bonus', 'pizza', 'terus', 'cheeseflow', 'nya', 'worth', 'itu', 'sangat']",senang sangat sekarang makin sering dapat bonus pizza terus cheeseflow nya worth itu sangat,senang sangat sekarang makin sering bonus pizza terus cheeseflow worth sangat,"['senang', 'sangat', 'sekarang', 'makin', 'sering', 'bonus', 'pizza', 'terus', 'cheeseflow', 'worth', 'sangat']"
sama saya aplikasi error pas mau rest password ega muncul linknya tapi kalau login di web bisa masuk kemarin  ada teknisi telepon kesaya tapi tetap  tidak membantu sepertinya sistem aplikasinya memang  yang bermasalah kalau dari aplikasi ke log out siap ega akan bisa masuk login lagi itu yang saya alami soalnya,"['sama', 'saya', 'aplikasi', 'error', 'pas', 'mau', 'rest', 'password', 'ega', 'muncul', 'linknya', 'tapi', 'kalau', 'login', 'di', 'web', 'bisa', 'masuk', 'kemarin', 'ada', 'teknisi', 'telepon', 'kesaya', 'tapi', 'tetap', 'tidak', 'membantu', 'sepertinya', 'sistem', 'aplikasinya', 'memang', 'yang', 'bermasalah', 'kalau', 'dari', 'aplikasi', 'ke', 'log', 'out', 'siap', 'ega', 'akan', 'bisa', 'masuk', 'login', 'lagi', 'itu', 'yang', 'saya', 'alami', 'soalnya']",sama saya aplikasi error pas mau rest password ega muncul linknya tapi kalau login di web bisa masuk kemarin ada teknisi telepon saya tapi tetap tidak bantu seperti sistem aplikasi memang yang masalah kalau dari aplikasi ke log out siap ega akan bisa masuk login lagi itu yang saya alami soal,aplikasi error pas mau rest password ega muncul linknya login web masuk kemarin teknisi telepon tetap bantu sistem aplikasi memang masalah aplikasi log out siap ega masuk login alami soal,"['aplikasi', 'error', 'pas', 'mau', 'rest', 'password', 'ega', 'muncul', 'linknya', 'login', 'web', 'masuk', 'kemarin', 'teknisi', 'telepon', 'tetap', 'bantu', 'sistem', 'aplikasi', 'memang', 'masalah', 'aplikasi', 'log', 'out', 'siap', 'ega', 'masuk', 'login', 'alami', 'soal']"
untuk fitur pelacakan pesanan sangat buruk,"['untuk', 'fitur', 'pelacakan', 'pesanan', 'sangat', 'buruk']",untuk fitur lacak pesan sangat buruk,fitur lacak pesan sangat buruk,"['fitur', 'lacak', 'pesan', 'sangat', 'buruk']"
sangat membantu cinta it,"['sangat', 'membantu', 'cinta', 'it']",sangat bantu cinta it,sangat bantu cinta,"['sangat', 'bantu', 'cinta']"
sangat mudah digunakan,"['sangat', 'mudah', 'digunakan']",sangat mudah guna,sangat mudah,"['sangat', 'mudah']"
bisa untuk pesanan pizza,"['bisa', 'untuk', 'pesanan', 'pizza']",bisa untuk pesan pizza,pesan pizza,"['pesan', 'pizza']"
always in my heart,"['always', 'in', 'my', 'heart']",always in my heart,always in my heart,"['always', 'in', 'my', 'heart']"
sangat membantu saat tidak ingin  antri lama,"['sangat', 'membantu', 'saat', 'tidak', 'ingin', 'antri', 'lama']",sangat bantu saat tidak ingin antri lama,sangat bantu antri lama,"['sangat', 'bantu', 'antri', 'lama']"
this is good,"['this', 'is', 'good']",this is good,this good,"['this', 'good']"
pesan di aplikasi kirain bakal cepat ternyata lebih waktu pengambilan diaplikasi ternyata baru  jadi pizza di resto pizza hut palu,"['pesan', 'di', 'aplikasi', 'kirain', 'bakal', 'cepat', 'ternyata', 'lebih', 'waktu', 'pengambilan', 'diaplikasi', 'ternyata', 'baru', 'jadi', 'pizza', 'di', 'resto', 'pizza', 'hut', 'palu']",pesan di aplikasi kirain bakal cepat nyata lebih waktu ambil aplikasi nyata baru jadi pizza di resto pizza hut palu,pesan aplikasi kirain bakal cepat nyata lebih waktu ambil aplikasi nyata baru pizza resto pizza hut palu,"['pesan', 'aplikasi', 'kirain', 'bakal', 'cepat', 'nyata', 'lebih', 'waktu', 'ambil', 'aplikasi', 'nyata', 'baru', 'pizza', 'resto', 'pizza', 'hut', 'palu']"
aplikasi saja ,"['aplikasi', 'saja']",aplikasi saja,aplikasi,['aplikasi']
harusnya cek menu dahulu baru pesanan,"['harusnya', 'cek', 'menu', 'dahulu', 'baru', 'pesanan']",harus cek menu dahulu baru pesan,cek menu baru pesan,"['cek', 'menu', 'baru', 'pesan']"
kerennn bangetttt,"['kerennn', 'bangetttt']",kerennn bangetttt,kerennn bangetttt,"['kerennn', 'bangetttt']"
aplikasi jelek sekali  tiap mau log in password mesti ganti,"['aplikasi', 'jelek', 'sekali', 'tiap', 'mau', 'log', 'in', 'password', 'mesti', 'ganti']",aplikasi jelek sekali tiap mau log in password mesti ganti,aplikasi jelek sekali tiap mau log in password mesti ganti,"['aplikasi', 'jelek', 'sekali', 'tiap', 'mau', 'log', 'in', 'password', 'mesti', 'ganti']"
aplikasi hp saya xiaomi t pro saya update menjadi android kenapa saya tidak bisa login ya saya sudah hapus dan instal lagi ya tetap tidal bisa login kalau  lewat web saya bisa login apa aplikasi tidak support di android ya karena sebelumnya sih baik baik saja saya,"['aplikasi', 'hp', 'saya', 'xiaomi', 't', 'pro', 'saya', 'update', 'menjadi', 'android', 'kenapa', 'saya', 'tidak', 'bisa', 'login', 'ya', 'saya', 'sudah', 'hapus', 'dan', 'instal', 'lagi', 'ya', 'tetap', 'tidal', 'bisa', 'login', 'kalau', 'lewat', 'web', 'saya', 'bisa', 'login', 'apa', 'aplikasi', 'tidak', 'support', 'di', 'android', 'ya', 'karena', 'sebelumnya', 'sih', 'baik', 'baik', 'saja', 'saya']",aplikasi hp saya xiaomi t pro saya update jadi android kenapa saya tidak bisa login ya saya sudah hapus dan instal lagi ya tetap tidal bisa login kalau lewat web saya bisa login apa aplikasi tidak support di android ya karena belum sih baik baik saja saya,aplikasi hp xiaomi t pro update android login hapus instal tetap tidal login lewat web login apa aplikasi support android sih baik baik,"['aplikasi', 'hp', 'xiaomi', 't', 'pro', 'update', 'android', 'login', 'hapus', 'instal', 'tetap', 'tidal', 'login', 'lewat', 'web', 'login', 'apa', 'aplikasi', 'support', 'android', 'sih', 'baik', 'baik']"
saya ganti device ke yang  baru tidak bisa login ya sudah seminggu coba tidak bisa nunggu kode otp masuk lewat saya nyatanya tidak ada yang  masuk walau sekali duh gimana sih ini,"['saya', 'ganti', 'device', 'ke', 'yang', 'baru', 'tidak', 'bisa', 'login', 'ya', 'sudah', 'seminggu', 'coba', 'tidak', 'bisa', 'nunggu', 'kode', 'otp', 'masuk', 'lewat', 'saya', 'nyatanya', 'tidak', 'ada', 'yang', 'masuk', 'walau', 'sekali', 'duh', 'gimana', 'sih', 'ini']",saya ganti device ke yang baru tidak bisa login ya sudah minggu coba tidak bisa nunggu kode otp masuk lewat saya nyata tidak ada yang masuk walau sekali duh gimana sih ini,ganti device baru login minggu coba nunggu kode otp masuk lewat nyata masuk sekali gimana sih,"['ganti', 'device', 'baru', 'login', 'minggu', 'coba', 'nunggu', 'kode', 'otp', 'masuk', 'lewat', 'nyata', 'masuk', 'sekali', 'gimana', 'sih']"
nunggu otp tidak masuk gaje sangat  sudah,"['nunggu', 'otp', 'tidak', 'masuk', 'gaje', 'sangat', 'sudah']",nunggu otp tidak masuk gaje sangat sudah,nunggu otp masuk gaje sangat,"['nunggu', 'otp', 'masuk', 'gaje', 'sangat']"
enak kalau  males keluar pakai  ini saja ,"['enak', 'kalau', 'males', 'keluar', 'pakai', 'ini', 'saja']",enak kalau males keluar pakai ini saja,enak males keluar pakai,"['enak', 'males', 'keluar', 'pakai']"
seppp,['seppp'],seppp,seppp,['seppp']
sudah bisa login,"['sudah', 'bisa', 'login']",sudah bisa login,login,['login']
cocok banyak promonya,"['cocok', 'banyak', 'promonya']",cocok banyak promonya,cocok banyak promonya,"['cocok', 'banyak', 'promonya']"
pelayanan oke,"['pelayanan', 'oke']",layan oke,layan oke,"['layan', 'oke']"
selalu ada promo nya,"['selalu', 'ada', 'promo', 'nya']",selalu ada promo nya,selalu promo,"['selalu', 'promo']"
punya akun nymau log in tidak bisa bisamau masuk akun saja  susah auto uninstal,"['punya', 'akun', 'nymau', 'log', 'in', 'tidak', 'bisa', 'bisamau', 'masuk', 'akun', 'saja', 'susah', 'auto', 'uninstal']",punya akun nymau log in tidak bisa bisamau masuk akun saja susah auto uninstal,punya akun nymau log in bisamau masuk akun susah auto uninstal,"['punya', 'akun', 'nymau', 'log', 'in', 'bisamau', 'masuk', 'akun', 'susah', 'auto', 'uninstal']"
sudah update aplikasi eh performa sama saja loading sekali  yang  bikin aplikasi siapa pasti bukan profesional,"['sudah', 'update', 'aplikasi', 'eh', 'performa', 'sama', 'saja', 'loading', 'sekali', 'yang', 'bikin', 'aplikasi', 'siapa', 'pasti', 'bukan', 'profesional']",sudah update aplikasi eh performa sama saja loading sekali yang bikin aplikasi siapa pasti bukan profesional,update aplikasi eh performa loading sekali bikin aplikasi siapa bukan profesional,"['update', 'aplikasi', 'eh', 'performa', 'loading', 'sekali', 'bikin', 'aplikasi', 'siapa', 'bukan', 'profesional']"
aneh pas mau pesan  di aplikasi tidak bisa tulisannya enable the location padahal mah sudah diizinkan,"['aneh', 'pas', 'mau', 'pesan', 'di', 'aplikasi', 'tidak', 'bisa', 'tulisannya', 'enable', 'the', 'location', 'padahal', 'mah', 'sudah', 'diizinkan']",aneh pas mau pesan di aplikasi tidak bisa tulis enable the location padahal mah sudah izin,aneh pas mau pesan aplikasi tulis enable the location padahal mah izin,"['aneh', 'pas', 'mau', 'pesan', 'aplikasi', 'tulis', 'enable', 'the', 'location', 'padahal', 'mah', 'izin']"
kenapa sih padahal saya sudah kasih email saya tapi gagal,"['kenapa', 'sih', 'padahal', 'saya', 'sudah', 'kasih', 'email', 'saya', 'tapi', 'gagal']",kenapa sih padahal saya sudah kasih email saya tapi gagal,sih padahal kasih email gagal,"['sih', 'padahal', 'kasih', 'email', 'gagal']"
sudah mantap nih tidak loading loading terus rasa pizza nya juga muantapppp,"['sudah', 'mantap', 'nih', 'tidak', 'loading', 'loading', 'terus', 'rasa', 'pizza', 'nya', 'juga', 'muantapppp']",sudah mantap nih tidak loading loading terus rasa pizza nya juga muantapppp,mantap loading loading terus rasa pizza muantapppp,"['mantap', 'loading', 'loading', 'terus', 'rasa', 'pizza', 'muantapppp']"
tolong dong ini mau login susah saya pencet forgot password tidak dikirim kirim saya sign in google harus masukkan otp lewat saya tapi wanya tidak masuk saya klik change number malah balik lagi,"['tolong', 'dong', 'ini', 'mau', 'login', 'susah', 'saya', 'pencet', 'forgot', 'password', 'tidak', 'dikirim', 'kirim', 'saya', 'sign', 'in', 'google', 'harus', 'masukkan', 'otp', 'lewat', 'saya', 'tapi', 'wanya', 'tidak', 'masuk', 'saya', 'klik', 'change', 'number', 'malah', 'balik', 'lagi']",tolong dong ini mau login susah saya pencet forgot password tidak kirim kirim saya sign in google harus masuk otp lewat saya tapi wanya tidak masuk saya klik change number malah balik lagi,dong mau login susah pencet forgot password kirim kirim sign in google masuk otp lewat wanya masuk klik change number malah balik,"['dong', 'mau', 'login', 'susah', 'pencet', 'forgot', 'password', 'kirim', 'kirim', 'sign', 'in', 'google', 'masuk', 'otp', 'lewat', 'wanya', 'masuk', 'klik', 'change', 'number', 'malah', 'balik']"
lemotnya tidak  ke tolongan,"['lemotnya', 'tidak', 'ke', 'tolongan']",lot tidak ke tolong,lot,['lot']
ooooi,['ooooi'],ooooi,ooooi,['ooooi']
bagus sangat membantu buat yang kelaparan,"['bagus', 'sangat', 'membantu', 'buat', 'yang', 'kelaparan']",bagus sangat bantu buat yang lapar,bagus sangat bantu lapar,"['bagus', 'sangat', 'bantu', 'lapar']"
oke mempermudah pemesanan,"['oke', 'mempermudah', 'pemesanan']",oke mudah mesan,oke mudah mesan,"['oke', 'mudah', 'mesan']"
aplikasi bapuk login saja  susah nya minta ampunn,"['aplikasi', 'bapuk', 'login', 'saja', 'susah', 'nya', 'minta', 'ampunn']",aplikasi bapuk login saja susah nya minta ampunn,aplikasi bapuk login susah minta ampunn,"['aplikasi', 'bapuk', 'login', 'susah', 'minta', 'ampunn']"
bintang saja  karena gagal waktu bayar pakai gopay,"['bintang', 'saja', 'karena', 'gagal', 'waktu', 'bayar', 'pakai', 'gopay']",bintang saja karena gagal waktu bayar pakai gopay,bintang gagal waktu bayar pakai gopay,"['bintang', 'gagal', 'waktu', 'bayar', 'pakai', 'gopay']"
pelanananya baik memuaskan sangat membantu,"['pelanananya', 'baik', 'memuaskan', 'sangat', 'membantu']",pelanananya baik muas sangat bantu,pelanananya baik muas sangat bantu,"['pelanananya', 'baik', 'muas', 'sangat', 'bantu']"
pelayanan ramah produknya bagus dan murmer,"['pelayanan', 'ramah', 'produknya', 'bagus', 'dan', 'murmer']",layan ramah produk bagus dan murmer,layan ramah produk bagus murmer,"['layan', 'ramah', 'produk', 'bagus', 'murmer']"
aplikasi aneh mau daftar saja  susah sekali  bikin pasword tidak bisa,"['aplikasi', 'aneh', 'mau', 'daftar', 'saja', 'susah', 'sekali', 'bikin', 'pasword', 'tidak', 'bisa']",aplikasi aneh mau daftar saja susah sekali bikin pasword tidak bisa,aplikasi aneh mau daftar susah sekali bikin pasword,"['aplikasi', 'aneh', 'mau', 'daftar', 'susah', 'sekali', 'bikin', 'pasword']"
review juni tidak bisa verifikasi otp karena pakai  saya mohon sediakan pakai  sms dan edit nomor  hp saat otp jika nomernya tidak bisa digunakan kirim otpmohon diperbaharui segera,"['review', 'juni', 'tidak', 'bisa', 'verifikasi', 'otp', 'karena', 'pakai', 'saya', 'mohon', 'sediakan', 'pakai', 'sms', 'dan', 'edit', 'nomor', 'hp', 'saat', 'otp', 'jika', 'nomernya', 'tidak', 'bisa', 'digunakan', 'kirim', 'otpmohon', 'diperbaharui', 'segera']",review juni tidak bisa verifikasi otp karena pakai saya mohon sedia pakai sms dan edit nomor hp saat otp jika nomernya tidak bisa guna kirim otpmohon baharu segera,review juni verifikasi otp pakai mohon sedia pakai sms edit nomor hp otp nomernya kirim otpmohon baharu segera,"['review', 'juni', 'verifikasi', 'otp', 'pakai', 'mohon', 'sedia', 'pakai', 'sms', 'edit', 'nomor', 'hp', 'otp', 'nomernya', 'kirim', 'otpmohon', 'baharu', 'segera']"
kode otp tidak dikirim kirim ke saya,"['kode', 'otp', 'tidak', 'dikirim', 'kirim', 'ke', 'saya']",kode otp tidak kirim kirim ke saya,kode otp kirim kirim,"['kode', 'otp', 'kirim', 'kirim']"
perbaiki saat paymen nya lemot,"['perbaiki', 'saat', 'paymen', 'nya', 'lemot']",baik saat paymen nya lot,baik paymen lot,"['baik', 'paymen', 'lot']"
product dan pelayan sangat baik,"['product', 'dan', 'pelayan', 'sangat', 'baik']",product dan layan sangat baik,product layan sangat baik,"['product', 'layan', 'sangat', 'baik']"
aplikasinya jelek masa tidak bisa mulau pesanan padahal titik lokasi sudah benar ,"['aplikasinya', 'jelek', 'masa', 'tidak', 'bisa', 'mulau', 'pesanan', 'padahal', 'titik', 'lokasi', 'sudah', 'benar']",aplikasi jelek masa tidak bisa mulau pesan padahal titik lokasi sudah benar,aplikasi jelek masa mulau pesan padahal titik lokasi benar,"['aplikasi', 'jelek', 'masa', 'mulau', 'pesan', 'padahal', 'titik', 'lokasi', 'benar']"
makananya enak semuaaa,"['makananya', 'enak', 'semuaaa']",makananya enak semuaaa,makananya enak semuaaa,"['makananya', 'enak', 'semuaaa']"
jelek lemot tidak membantu,"['jelek', 'lemot', 'tidak', 'membantu']",jelek lot tidak bantu,jelek lot bantu,"['jelek', 'lot', 'bantu']"
tidak ribet harus ke outlet,"['tidak', 'ribet', 'harus', 'ke', 'outlet']",tidak ribet harus ke outlet,ribet outlet,"['ribet', 'outlet']"
update nya banyak error,"['update', 'nya', 'banyak', 'error']",update nya banyak error,update banyak error,"['update', 'banyak', 'error']"
tolong di aplikasi untuk mayonese ditambahkan saya pesan via aplikasi saya tulis di menu tapi orgnya kelupaan dan saya kasih lihat ke pengirimnya bukti pesanan saya ada tulisan di memo dan tidak ada permintaan maaf malah berargumen bahwa pesanan sudah betul kecewa sangat  sih masa harus  datang ke tempat biar pesananannya bisa sesuai,"['tolong', 'di', 'aplikasi', 'untuk', 'mayonese', 'ditambahkan', 'saya', 'pesan', 'via', 'aplikasi', 'saya', 'tulis', 'di', 'menu', 'tapi', 'orgnya', 'kelupaan', 'dan', 'saya', 'kasih', 'lihat', 'ke', 'pengirimnya', 'bukti', 'pesanan', 'saya', 'ada', 'tulisan', 'di', 'memo', 'dan', 'tidak', 'ada', 'permintaan', 'maaf', 'malah', 'berargumen', 'bahwa', 'pesanan', 'sudah', 'betul', 'kecewa', 'sangat', 'sih', 'masa', 'harus', 'datang', 'ke', 'tempat', 'biar', 'pesananannya', 'bisa', 'sesuai']",tolong di aplikasi untuk mayonese tambah saya pesan via aplikasi saya tulis di menu tapi orgnya lupa dan saya kasih lihat ke kirim bukti pesan saya ada tulis di memo dan tidak ada minta maaf malah argumen bahwa pesan sudah betul kecewa sangat sih masa harus datang ke tempat biar pesananannya bisa sesuai,aplikasi mayonese tambah pesan via aplikasi tulis menu orgnya lupa kasih lihat kirim bukti pesan tulis memo minta maaf malah argumen pesan betul kecewa sangat sih masa datang tempat biar pesananannya sesuai,"['aplikasi', 'mayonese', 'tambah', 'pesan', 'via', 'aplikasi', 'tulis', 'menu', 'orgnya', 'lupa', 'kasih', 'lihat', 'kirim', 'bukti', 'pesan', 'tulis', 'memo', 'minta', 'maaf', 'malah', 'argumen', 'pesan', 'betul', 'kecewa', 'sangat', 'sih', 'masa', 'datang', 'tempat', 'biar', 'pesananannya', 'sesuai']"
aplikasi yang mempermudah dikota timika,"['aplikasi', 'yang', 'mempermudah', 'dikota', 'timika']",aplikasi yang mudah kota timika,aplikasi mudah kota timika,"['aplikasi', 'mudah', 'kota', 'timika']"
pelayanannya bagus dan enak menunya,"['pelayanannya', 'bagus', 'dan', 'enak', 'menunya']",layan bagus dan enak menu,layan bagus enak menu,"['layan', 'bagus', 'enak', 'menu']"
nice delivery,"['nice', 'delivery']",nice delivery,nice delivery,"['nice', 'delivery']"
nice aplikasi and helpful,"['nice', 'aplikasi', 'and', 'helpful']",nice aplikasi and helpful,nice aplikasi and helpful,"['nice', 'aplikasi', 'and', 'helpful']"
banyak bug tidak bisa pilih menu pas bisa pilih menu tidak bisa di add ke cart,"['banyak', 'bug', 'tidak', 'bisa', 'pilih', 'menu', 'pas', 'bisa', 'pilih', 'menu', 'tidak', 'bisa', 'di', 'add', 'ke', 'cart']",banyak bug tidak bisa pilih menu pas bisa pilih menu tidak bisa di add ke cart,banyak bug pilih menu pas pilih menu add cart,"['banyak', 'bug', 'pilih', 'menu', 'pas', 'pilih', 'menu', 'add', 'cart']"
marketing abal abal nyebar iklan dan share ke saya traktiran bagi bagi bagi yang  ultah di bulan mei ujung ujungnya disuruh beli cashier pun tidak bisa jelasin iklan yang  dicantuminkalau ada minimum pembelian itu ditulis minimal pembelian agar tidak bikin salah  persepsi bagi orang bukan tidak mampu beli tapi  kalau sudah tidak sesuai faktanya tidak usah bikin iklan berkedok promosi,"['marketing', 'abal', 'abal', 'nyebar', 'iklan', 'dan', 'share', 'ke', 'saya', 'traktiran', 'bagi', 'bagi', 'bagi', 'yang', 'ultah', 'di', 'bulan', 'mei', 'ujung', 'ujungnya', 'disuruh', 'beli', 'cashier', 'pun', 'tidak', 'bisa', 'jelasin', 'iklan', 'yang', 'dicantuminkalau', 'ada', 'minimum', 'pembelian', 'itu', 'ditulis', 'minimal', 'pembelian', 'agar', 'tidak', 'bikin', 'salah', 'persepsi', 'bagi', 'orang', 'bukan', 'tidak', 'mampu', 'beli', 'tapi', 'kalau', 'sudah', 'tidak', 'sesuai', 'faktanya', 'tidak', 'usah', 'bikin', 'iklan', 'berkedok', 'promosi']",marketing abal abal nyebar iklan dan share ke saya traktir bagi bagi bagi yang ultah di bulan mei ujung ujung suruh beli cashier pun tidak bisa jelasin iklan yang dicantuminkalau ada minimum beli itu tulis minimal beli agar tidak bikin salah persepsi bagi orang bukan tidak mampu beli tapi kalau sudah tidak sesuai fakta tidak usah bikin iklan kedok promosi,marketing abal abal nyebar iklan share traktir ultah bulan mei ujung ujung suruh beli cashier jelasin iklan dicantuminkalau minimum beli tulis minimal beli bikin salah persepsi orang bukan mampu beli sesuai fakta usah bikin iklan kedok promosi,"['marketing', 'abal', 'abal', 'nyebar', 'iklan', 'share', 'traktir', 'ultah', 'bulan', 'mei', 'ujung', 'ujung', 'suruh', 'beli', 'cashier', 'jelasin', 'iklan', 'dicantuminkalau', 'minimum', 'beli', 'tulis', 'minimal', 'beli', 'bikin', 'salah', 'persepsi', 'orang', 'bukan', 'mampu', 'beli', 'sesuai', 'fakta', 'usah', 'bikin', 'iklan', 'kedok', 'promosi']"
beli personal pizza dapat  welcome pizza dan brithday pizza senang nya dobel soal rasa dan pelayanan tidak usah diragukan lagi kakaknya ramah ramah sangat ,"['beli', 'personal', 'pizza', 'dapat', 'welcome', 'pizza', 'dan', 'brithday', 'pizza', 'senang', 'nya', 'dobel', 'soal', 'rasa', 'dan', 'pelayanan', 'tidak', 'usah', 'diragukan', 'lagi', 'kakaknya', 'ramah', 'ramah', 'sangat']",beli personal pizza dapat welcome pizza dan brithday pizza senang nya dobel soal rasa dan layan tidak usah ragu lagi kakak ramah ramah sangat,beli personal pizza welcome pizza brithday pizza senang dobel soal rasa layan usah ragu kakak ramah ramah sangat,"['beli', 'personal', 'pizza', 'welcome', 'pizza', 'brithday', 'pizza', 'senang', 'dobel', 'soal', 'rasa', 'layan', 'usah', 'ragu', 'kakak', 'ramah', 'ramah', 'sangat']"
jika membuka event terutama event birthday cantumkan syarat yang jelas tulis minimal belanja dapat gratis pelanggan mampu beli tapi pelanggan berfikir ini kebohongan jika gratis setelah ke outlet tidak mendapatkan sekian,"['jika', 'membuka', 'event', 'terutama', 'event', 'birthday', 'cantumkan', 'syarat', 'yang', 'jelas', 'tulis', 'minimal', 'belanja', 'dapat', 'gratis', 'pelanggan', 'mampu', 'beli', 'tapi', 'pelanggan', 'berfikir', 'ini', 'kebohongan', 'jika', 'gratis', 'setelah', 'ke', 'outlet', 'tidak', 'mendapatkan', 'sekian']",jika buka event utama event birthday cantum syarat yang jelas tulis minimal belanja dapat gratis langgan mampu beli tapi langgan berfikir ini bohong jika gratis telah ke outlet tidak dapat sekian,buka event utama event birthday cantum syarat jelas tulis minimal belanja gratis langgan mampu beli langgan berfikir bohong gratis outlet sekian,"['buka', 'event', 'utama', 'event', 'birthday', 'cantum', 'syarat', 'jelas', 'tulis', 'minimal', 'belanja', 'gratis', 'langgan', 'mampu', 'beli', 'langgan', 'berfikir', 'bohong', 'gratis', 'outlet', 'sekian']"
kecewa dengan bahasa iklan ph ini jelas di iklan tidak ada syarat dan ketentuan sampai lokasi syarat dan ketentuan berlaku,"['kecewa', 'dengan', 'bahasa', 'iklan', 'ph', 'ini', 'jelas', 'di', 'iklan', 'tidak', 'ada', 'syarat', 'dan', 'ketentuan', 'sampai', 'lokasi', 'syarat', 'dan', 'ketentuan', 'berlaku']",kecewa dengan bahasa iklan ph ini jelas di iklan tidak ada syarat dan tentu sampai lokasi syarat dan tentu laku,kecewa bahasa iklan ph jelas iklan syarat lokasi syarat laku,"['kecewa', 'bahasa', 'iklan', 'ph', 'jelas', 'iklan', 'syarat', 'lokasi', 'syarat', 'laku']"
proses cepat dan mudah lumayan dapat point juga yang  bisa dituker snack atau pizza,"['proses', 'cepat', 'dan', 'mudah', 'lumayan', 'dapat', 'point', 'juga', 'yang', 'bisa', 'dituker', 'snack', 'atau', 'pizza']",proses cepat dan mudah lumayan dapat point juga yang bisa dituker snack atau pizza,proses cepat mudah lumayan point dituker snack pizza,"['proses', 'cepat', 'mudah', 'lumayan', 'point', 'dituker', 'snack', 'pizza']"
min di aplikasi nya memang  kita tidak bisa liat menu harga nya ya maklum pemula,"['min', 'di', 'aplikasi', 'nya', 'memang', 'kita', 'tidak', 'bisa', 'liat', 'menu', 'harga', 'nya', 'ya', 'maklum', 'pemula']",min di aplikasi nya memang kita tidak bisa liat menu harga nya ya maklum mula,min aplikasi memang liat menu harga maklum mula,"['min', 'aplikasi', 'memang', 'liat', 'menu', 'harga', 'maklum', 'mula']"
keren sekali  apps inj simple ringkas tapi bisa memuat semua informasi dan proses berjalannya pesanan kita hingga selesai sukses terus phd,"['keren', 'sekali', 'apps', 'inj', 'simple', 'ringkas', 'tapi', 'bisa', 'memuat', 'semua', 'informasi', 'dan', 'proses', 'berjalannya', 'pesanan', 'kita', 'hingga', 'selesai', 'sukses', 'terus', 'phd']",keren sekali apps inj simple ringkas tapi bisa muat semua informasi dan proses jalan pesan kita hingga selesai sukses terus phd,keren sekali apps inj simple ringkas muat semua informasi proses jalan pesan hingga selesai sukses terus phd,"['keren', 'sekali', 'apps', 'inj', 'simple', 'ringkas', 'muat', 'semua', 'informasi', 'proses', 'jalan', 'pesan', 'hingga', 'selesai', 'sukses', 'terus', 'phd']"
memudahkan dalam pemesanan dan bisa dapat banyak reward,"['memudahkan', 'dalam', 'pemesanan', 'dan', 'bisa', 'dapat', 'banyak', 'reward']",mudah dalam mesan dan bisa dapat banyak reward,mudah mesan banyak reward,"['mudah', 'mesan', 'banyak', 'reward']"
memudahkan untuk  memesan dan bertransaksi,"['memudahkan', 'untuk', 'memesan', 'dan', 'bertransaksi']",mudah untuk mes dan transaksi,mudah mes transaksi,"['mudah', 'mes', 'transaksi']"
tidak bisa login tidak dikirimi email juga hapus sudah,"['tidak', 'bisa', 'login', 'tidak', 'dikirimi', 'email', 'juga', 'hapus', 'sudah']",tidak bisa login tidak kirim email juga hapus sudah,login kirim email hapus,"['login', 'kirim', 'email', 'hapus']"
error loginnya,"['error', 'loginnya']",error loginnya,error loginnya,"['error', 'loginnya']"
pelayanan siip rasa juga siiiiip,"['pelayanan', 'siip', 'rasa', 'juga', 'siiiiip']",layan siip rasa juga siiiiip,layan siip rasa siiiiip,"['layan', 'siip', 'rasa', 'siiiiip']"
keren sekali  sukses selalu,"['keren', 'sekali', 'sukses', 'selalu']",keren sekali sukses selalu,keren sekali sukses selalu,"['keren', 'sekali', 'sukses', 'selalu']"
nyam nyam,"['nyam', 'nyam']",nyam nyam,nyam nyam,"['nyam', 'nyam']"
mantapp,['mantapp'],mantapp,mantapp,['mantapp']
semudah dan secepat itu klik langsung joss,"['semudah', 'dan', 'secepat', 'itu', 'klik', 'langsung', 'joss']",mudah dan cepat itu klik langsung joss,mudah cepat klik langsung joss,"['mudah', 'cepat', 'klik', 'langsung', 'joss']"
aplikasi cacat sekali super lemot sekali  sudah lemot pas mau bayar malah gagal sangat tidak berguna aplikasinya jelej sekali  lemot sangat ,"['aplikasi', 'cacat', 'sekali', 'super', 'lemot', 'sekali', 'sudah', 'lemot', 'pas', 'mau', 'bayar', 'malah', 'gagal', 'sangat', 'tidak', 'berguna', 'aplikasinya', 'jelej', 'sekali', 'lemot', 'sangat']",aplikasi cacat sekali super lot sekali sudah lot pas mau bayar malah gagal sangat tidak guna aplikasi jelej sekali lot sangat,aplikasi cacat sekali super lot sekali lot pas mau bayar malah gagal sangat aplikasi jelej sekali lot sangat,"['aplikasi', 'cacat', 'sekali', 'super', 'lot', 'sekali', 'lot', 'pas', 'mau', 'bayar', 'malah', 'gagal', 'sangat', 'aplikasi', 'jelej', 'sekali', 'lot', 'sangat']"
okee,['okee'],okee,okee,['okee']
selalu menikmati setiap slice nya,"['selalu', 'menikmati', 'setiap', 'slice', 'nya']",selalu nikmat tiap slice nya,selalu nikmat tiap slice,"['selalu', 'nikmat', 'tiap', 'slice']"
pesan phd enaknya lewat aplikasi ada voucher free ongkir poin berupa slice yang  bisa ditukar dengan  makanan gratis,"['pesan', 'phd', 'enaknya', 'lewat', 'aplikasi', 'ada', 'voucher', 'free', 'ongkir', 'poin', 'berupa', 'slice', 'yang', 'bisa', 'ditukar', 'dengan', 'makanan', 'gratis']",pesan phd enak lewat aplikasi ada voucher free ongkir poin upa slice yang bisa tukar dengan makan gratis,pesan phd enak lewat aplikasi voucher free ongkir poin upa slice tukar makan gratis,"['pesan', 'phd', 'enak', 'lewat', 'aplikasi', 'voucher', 'free', 'ongkir', 'poin', 'upa', 'slice', 'tukar', 'makan', 'gratis']"
selalu inovasi dengan menunya kejunya ya keren,"['selalu', 'inovasi', 'dengan', 'menunya', 'kejunya', 'ya', 'keren']",selalu inovasi dengan menu keju ya keren,selalu inovasi menu keju keren,"['selalu', 'inovasi', 'menu', 'keju', 'keren']"
sudah lama tidak bisa login selalu dibilang salah password padahal password tidak diganti minta link untuk reset password pun tidak pernah masuk emailnya daftar baru pun sama saja  setelah verifikasi mau login tidak bisa aplikasi aneh,"['sudah', 'lama', 'tidak', 'bisa', 'login', 'selalu', 'dibilang', 'salah', 'password', 'padahal', 'password', 'tidak', 'diganti', 'minta', 'link', 'untuk', 'reset', 'password', 'pun', 'tidak', 'pernah', 'masuk', 'emailnya', 'daftar', 'baru', 'pun', 'sama', 'saja', 'setelah', 'verifikasi', 'mau', 'login', 'tidak', 'bisa', 'aplikasi', 'aneh']",sudah lama tidak bisa login selalu bilang salah password padahal password tidak ganti minta link untuk reset password pun tidak pernah masuk email daftar baru pun sama saja telah verifikasi mau login tidak bisa aplikasi aneh,lama login selalu bilang salah password padahal password ganti minta link reset password pernah masuk email daftar baru verifikasi mau login aplikasi aneh,"['lama', 'login', 'selalu', 'bilang', 'salah', 'password', 'padahal', 'password', 'ganti', 'minta', 'link', 'reset', 'password', 'pernah', 'masuk', 'email', 'daftar', 'baru', 'verifikasi', 'mau', 'login', 'aplikasi', 'aneh']"
mempercepat dan mempermudah pemesanan,"['mempercepat', 'dan', 'mempermudah', 'pemesanan']",cepat dan mudah mesan,cepat mudah mesan,"['cepat', 'mudah', 'mesan']"
a mantap,"['a', 'mantap']",a mantap,a mantap,"['a', 'mantap']"
kurang promonya saja  service dan kecepatannya sudah oke pizza sampai  rumah masih  panas mantul,"['kurang', 'promonya', 'saja', 'service', 'dan', 'kecepatannya', 'sudah', 'oke', 'pizza', 'sampai', 'rumah', 'masih', 'panas', 'mantul']",kurang promonya saja service dan cepat sudah oke pizza sampai rumah masih panas mantul,kurang promonya service cepat oke pizza rumah panas mantul,"['kurang', 'promonya', 'service', 'cepat', 'oke', 'pizza', 'rumah', 'panas', 'mantul']"
memudahkan memesan online takeaway dan delivery pesanan,"['memudahkan', 'memesan', 'online', 'takeaway', 'dan', 'delivery', 'pesanan']",mudah mes online takeaway dan delivery pesan,mudah mes online takeaway delivery pesan,"['mudah', 'mes', 'online', 'takeaway', 'delivery', 'pesan']"
aplikasi ini sangat membantu dalam pemesanan terutama untuk  take away,"['aplikasi', 'ini', 'sangat', 'membantu', 'dalam', 'pemesanan', 'terutama', 'untuk', 'take', 'away']",aplikasi ini sangat bantu dalam mesan utama untuk take away,aplikasi sangat bantu mesan utama take away,"['aplikasi', 'sangat', 'bantu', 'mesan', 'utama', 'take', 'away']"
selalu beli via aplikasi sejauh ini tidak ada kendala terima kasih,"['selalu', 'beli', 'via', 'aplikasi', 'sejauh', 'ini', 'tidak', 'ada', 'kendala', 'terima', 'kasih']",selalu beli via aplikasi jauh ini tidak ada kendala terima kasih,selalu beli via aplikasi jauh kendala terima kasih,"['selalu', 'beli', 'via', 'aplikasi', 'jauh', 'kendala', 'terima', 'kasih']"
aplikasi bosok,"['aplikasi', 'bosok']",aplikasi bosok,aplikasi bosok,"['aplikasi', 'bosok']"
ui nya broken sial sering tidak menampilkan menu juga edit sekarang malah bayar pakai gopay ngebug,"['ui', 'nya', 'broken', 'sial', 'sering', 'tidak', 'menampilkan', 'menu', 'juga', 'edit', 'sekarang', 'malah', 'bayar', 'pakai', 'gopay', 'ngebug']",ui nya broken sial sering tidak tampil menu juga edit sekarang malah bayar pakai gopay ngebug,ui broken sial sering tampil menu edit sekarang malah bayar pakai gopay ngebug,"['ui', 'broken', 'sial', 'sering', 'tampil', 'menu', 'edit', 'sekarang', 'malah', 'bayar', 'pakai', 'gopay', 'ngebug']"
mantap pas ada keluhan responnya sangat cepat langsung diperbaiki,"['mantap', 'pas', 'ada', 'keluhan', 'responnya', 'sangat', 'cepat', 'langsung', 'diperbaiki']",mantap pas ada keluh responnya sangat cepat langsung baik,mantap pas keluh responnya sangat cepat langsung baik,"['mantap', 'pas', 'keluh', 'responnya', 'sangat', 'cepat', 'langsung', 'baik']"
mau login pakai  no hp katanya tidak bisa karena sudah terdaftar pas bikin lupa pass mau tapi tidak tidak ada email masuk,"['mau', 'login', 'pakai', 'no', 'hp', 'katanya', 'tidak', 'bisa', 'karena', 'sudah', 'terdaftar', 'pas', 'bikin', 'lupa', 'pass', 'mau', 'tapi', 'tidak', 'tidak', 'ada', 'email', 'masuk']",mau login pakai no hp kata tidak bisa karena sudah daftar pas bikin lupa pass mau tapi tidak tidak ada email masuk,mau login pakai hp kata daftar pas bikin lupa pass mau email masuk,"['mau', 'login', 'pakai', 'hp', 'kata', 'daftar', 'pas', 'bikin', 'lupa', 'pass', 'mau', 'email', 'masuk']"
ah daftarregitrasi susah sekali  selalu saja  password salah padahal sudah benar  semuanya huruf besar kecil dan angka sudah benerakhirnya diuninstall lagi,"['ah', 'daftarregitrasi', 'susah', 'sekali', 'selalu', 'saja', 'password', 'salah', 'padahal', 'sudah', 'benar', 'semuanya', 'huruf', 'besar', 'kecil', 'dan', 'angka', 'sudah', 'benerakhirnya', 'diuninstall', 'lagi']",ah daftarregitrasi susah sekali selalu saja password salah padahal sudah benar semua huruf besar kecil dan angka sudah benerakhirnya diuninstall lagi,ah daftarregitrasi susah sekali selalu password salah padahal benar semua huruf besar kecil angka benerakhirnya diuninstall,"['ah', 'daftarregitrasi', 'susah', 'sekali', 'selalu', 'password', 'salah', 'padahal', 'benar', 'semua', 'huruf', 'besar', 'kecil', 'angka', 'benerakhirnya', 'diuninstall']"
sangat membantu pesan dari luar kota,"['sangat', 'membantu', 'pesan', 'dari', 'luar', 'kota']",sangat bantu pesan dari luar kota,sangat bantu pesan luar kota,"['sangat', 'bantu', 'pesan', 'luar', 'kota']"
tidak jelasemail pw sudah betul ttap saja  tidak bisa login,"['tidak', 'jelasemail', 'pw', 'sudah', 'betul', 'ttap', 'saja', 'tidak', 'bisa', 'login']",tidak jelasemail pw sudah betul ttap saja tidak bisa login,jelasemail pw betul ttap login,"['jelasemail', 'pw', 'betul', 'ttap', 'login']"
aplikasi sangat  tidak bisa login ambigu,"['aplikasi', 'sangat', 'tidak', 'bisa', 'login', 'ambigu']",aplikasi sangat tidak bisa login ambigu,aplikasi sangat login ambigu,"['aplikasi', 'sangat', 'login', 'ambigu']"
banyak bonus mantab,"['banyak', 'bonus', 'mantab']",banyak bonus mantab,banyak bonus mantab,"['banyak', 'bonus', 'mantab']"
bagus dan memmuaskan,"['bagus', 'dan', 'memmuaskan']",bagus dan memmuaskan,bagus memmuaskan,"['bagus', 'memmuaskan']"
mau daftar saja  sulit otp nya tidak ada terkirim ke saya,"['mau', 'daftar', 'saja', 'sulit', 'otp', 'nya', 'tidak', 'ada', 'terkirim', 'ke', 'saya']",mau daftar saja sulit otp nya tidak ada kirim ke saya,mau daftar sulit otp kirim,"['mau', 'daftar', 'sulit', 'otp', 'kirim']"
saat mau daftar ribet amat mana pakai bahasa inggris pengennya bisa pesan  pizza lewat aplikasi aslinya langsung ini malah tidak bisa,"['saat', 'mau', 'daftar', 'ribet', 'amat', 'mana', 'pakai', 'bahasa', 'inggris', 'pengennya', 'bisa', 'pesan', 'pizza', 'lewat', 'aplikasi', 'aslinya', 'langsung', 'ini', 'malah', 'tidak', 'bisa']",saat mau daftar ribet amat mana pakai bahasa inggris ken bisa pesan pizza lewat aplikasi asli langsung ini malah tidak bisa,mau daftar ribet mana pakai bahasa inggris ken pesan pizza lewat aplikasi asli langsung malah,"['mau', 'daftar', 'ribet', 'mana', 'pakai', 'bahasa', 'inggris', 'ken', 'pesan', 'pizza', 'lewat', 'aplikasi', 'asli', 'langsung', 'malah']"
praktis dan mudah digunakan proses pemesanan cepat,"['praktis', 'dan', 'mudah', 'digunakan', 'proses', 'pemesanan', 'cepat']",praktis dan mudah guna proses mesan cepat,praktis mudah proses mesan cepat,"['praktis', 'mudah', 'proses', 'mesan', 'cepat']"
mudah,['mudah'],mudah,mudah,['mudah']
lezat enak,"['lezat', 'enak']",lezat enak,lezat enak,"['lezat', 'enak']"
jelek sekali  aplikasi nya padahal  jaringan bagus banyak laglemot,"['jelek', 'sekali', 'aplikasi', 'nya', 'padahal', 'jaringan', 'bagus', 'banyak', 'laglemot']",jelek sekali aplikasi nya padahal jaring bagus banyak laglemot,jelek sekali aplikasi padahal jaring bagus banyak laglemot,"['jelek', 'sekali', 'aplikasi', 'padahal', 'jaring', 'bagus', 'banyak', 'laglemot']"
cukup handal hanya meletakkan alamat yang  kadang agak susah,"['cukup', 'handal', 'hanya', 'meletakkan', 'alamat', 'yang', 'kadang', 'agak', 'susah']",cukup handal hanya letak alamat yang kadang agak susah,cukup handal letak alamat susah,"['cukup', 'handal', 'letak', 'alamat', 'susah']"
layanannya puas dan pengiriman delivery nya on time,"['layanannya', 'puas', 'dan', 'pengiriman', 'delivery', 'nya', 'on', 'time']",layan puas dan kirim delivery nya on time,layan puas kirim delivery on time,"['layan', 'puas', 'kirim', 'delivery', 'on', 'time']"
sangat mudah untuk di operasikan dan banyak promo tersedia,"['sangat', 'mudah', 'untuk', 'di', 'operasikan', 'dan', 'banyak', 'promo', 'tersedia']",sangat mudah untuk di operasi dan banyak promo sedia,sangat mudah operasi banyak promo sedia,"['sangat', 'mudah', 'operasi', 'banyak', 'promo', 'sedia']"
kaga bisa bayar kaga bisadi cancel aplikasi nya di perbaiki dong,"['kaga', 'bisa', 'bayar', 'kaga', 'bisadi', 'cancel', 'aplikasi', 'nya', 'di', 'perbaiki', 'dong']",kaga bisa bayar kaga bisadi cancel aplikasi nya di baik dong,kaga bayar kaga bisadi cancel aplikasi baik dong,"['kaga', 'bayar', 'kaga', 'bisadi', 'cancel', 'aplikasi', 'baik', 'dong']"
overall oke,"['overall', 'oke']",overall oke,overall oke,"['overall', 'oke']"
pizza overflow sudah ada di makassar kak,"['pizza', 'overflow', 'sudah', 'ada', 'di', 'makassar', 'kak']",pizza overflow sudah ada di makassar kak,pizza overflow makassar kak,"['pizza', 'overflow', 'makassar', 'kak']"
mantap sekali  pokoknya,"['mantap', 'sekali', 'pokoknya']",mantap sekali pokok,mantap sekali pokok,"['mantap', 'sekali', 'pokok']"
aplikasi bahasanya belum indonesia semua tolong perbaiki seharusnya ada langue lainnya,"['aplikasi', 'bahasanya', 'belum', 'indonesia', 'semua', 'tolong', 'perbaiki', 'seharusnya', 'ada', 'langue', 'lainnya']",aplikasi bahasa belum indonesia semua tolong baik harus ada langue lain,aplikasi bahasa indonesia semua baik langue,"['aplikasi', 'bahasa', 'indonesia', 'semua', 'baik', 'langue']"
anying memang aplikasi everifikasi akun kode nya tidak  muncul sudah di ulang beberapa kali tetap  samaapk nya makin buruk saja ,"['anying', 'memang', 'aplikasi', 'everifikasi', 'akun', 'kode', 'nya', 'tidak', 'muncul', 'sudah', 'di', 'ulang', 'beberapa', 'kali', 'tetap', 'samaapk', 'nya', 'makin', 'buruk', 'saja']",anying memang aplikasi everifikasi akun kode nya tidak muncul sudah di ulang beberapa kali tetap samaapk nya makin buruk saja,anying memang aplikasi everifikasi akun kode muncul ulang beberapa kali tetap samaapk makin buruk,"['anying', 'memang', 'aplikasi', 'everifikasi', 'akun', 'kode', 'muncul', 'ulang', 'beberapa', 'kali', 'tetap', 'samaapk', 'makin', 'buruk']"
pelayanan nya selalu terbaik,"['pelayanan', 'nya', 'selalu', 'terbaik']",layan nya selalu baik,layan selalu baik,"['layan', 'selalu', 'baik']"
selalu pesanan via apps tapi tidak pernah ada update di historynya juga reward slice,"['selalu', 'pesanan', 'via', 'apps', 'tapi', 'tidak', 'pernah', 'ada', 'update', 'di', 'historynya', 'juga', 'reward', 'slice']",selalu pesan via apps tapi tidak pernah ada update di historynya juga reward slice,selalu pesan via apps pernah update historynya reward slice,"['selalu', 'pesan', 'via', 'apps', 'pernah', 'update', 'historynya', 'reward', 'slice']"
good enak nice mantab,"['good', 'enak', 'nice', 'mantab']",good enak nice mantab,good enak nice mantab,"['good', 'enak', 'nice', 'mantab']"
apa sih pizza dalam bangunan signalnya lalod wifinya lalod apps harus  update tapi tidak bisa pesanan ditempat hadeuuhhhh repooootttt,"['apa', 'sih', 'pizza', 'dalam', 'bangunan', 'signalnya', 'lalod', 'wifinya', 'lalod', 'apps', 'harus', 'update', 'tapi', 'tidak', 'bisa', 'pesanan', 'ditempat', 'hadeuuhhhh', 'repooootttt']",apa sih pizza dalam bangun signalnya lalod wifinya lalod apps harus update tapi tidak bisa pesan tempat hadeuuhhhh repooootttt,apa sih pizza bangun signalnya lalod wifinya lalod apps update pesan tempat hadeuuhhhh repooootttt,"['apa', 'sih', 'pizza', 'bangun', 'signalnya', 'lalod', 'wifinya', 'lalod', 'apps', 'update', 'pesan', 'tempat', 'hadeuuhhhh', 'repooootttt']"
fungsional,['fungsional'],fungsional,fungsional,['fungsional']
mantul pah,"['mantul', 'pah']",mantul pah,mantul pah,"['mantul', 'pah']"
bagus memudah kan orang yang  ingin membeli,"['bagus', 'memudah', 'kan', 'orang', 'yang', 'ingin', 'membeli']",bagus mudah kan orang yang ingin beli,bagus mudah kan orang beli,"['bagus', 'mudah', 'kan', 'orang', 'beli']"
aplikasi suka log out sendiri  ketika masukn email dan sndi benar  malah  minta  otp saya tapi tidak pernah  ada muncul otp dia saya nya  malas sangat ,"['aplikasi', 'suka', 'log', 'out', 'sendiri', 'ketika', 'masukn', 'email', 'dan', 'sndi', 'benar', 'malah', 'minta', 'otp', 'saya', 'tapi', 'tidak', 'pernah', 'ada', 'muncul', 'otp', 'dia', 'saya', 'nya', 'malas', 'sangat']",aplikasi suka log out sendiri ketika masukn email dan sndi benar malah minta otp saya tapi tidak pernah ada muncul otp dia saya nya malas sangat,aplikasi suka log out sendiri masukn email sndi benar malah minta otp pernah muncul otp malas sangat,"['aplikasi', 'suka', 'log', 'out', 'sendiri', 'masukn', 'email', 'sndi', 'benar', 'malah', 'minta', 'otp', 'pernah', 'muncul', 'otp', 'malas', 'sangat']"
login susah malas ,"['login', 'susah', 'malas']",login susah malas,login susah malas,"['login', 'susah', 'malas']"
kereeen ngumpulin koin bisa dapat  double pizza gratis,"['kereeen', 'ngumpulin', 'koin', 'bisa', 'dapat', 'double', 'pizza', 'gratis']",kereeen ngumpulin koin bisa dapat double pizza gratis,kereeen ngumpulin koin double pizza gratis,"['kereeen', 'ngumpulin', 'koin', 'double', 'pizza', 'gratis']"
sudah daftar tapi tidak bisa terus ,"['sudah', 'daftar', 'tapi', 'tidak', 'bisa', 'terus']",sudah daftar tapi tidak bisa terus,daftar terus,"['daftar', 'terus']"
pelayanan lambat sudah setengah jam nunggu belum juga selesai ,"['pelayanan', 'lambat', 'sudah', 'setengah', 'jam', 'nunggu', 'belum', 'juga', 'selesai']",layan lambat sudah tengah jam nunggu belum juga selesai,layan lambat tengah jam nunggu selesai,"['layan', 'lambat', 'tengah', 'jam', 'nunggu', 'selesai']"
memang  suka ,"['memang', 'suka']",memang suka,memang suka,"['memang', 'suka']"
apliksainy sudah bagus cuma kurang promo ajaa di tambahin supaaya asik,"['apliksainy', 'sudah', 'bagus', 'cuma', 'kurang', 'promo', 'ajaa', 'di', 'tambahin', 'supaaya', 'asik']",apliksainy sudah bagus cuma kurang promo ajaa di tambahin supaaya asik,apliksainy bagus kurang promo ajaa tambahin supaaya asik,"['apliksainy', 'bagus', 'kurang', 'promo', 'ajaa', 'tambahin', 'supaaya', 'asik']"
mantap pelayanan cepat,"['mantap', 'pelayanan', 'cepat']",mantap layan cepat,mantap layan cepat,"['mantap', 'layan', 'cepat']"
selamat menikmati,"['selamat', 'menikmati']",selamat nikmat,selamat nikmat,"['selamat', 'nikmat']"
jadikan menu cheese overflow menjadi menu patennn,"['jadikan', 'menu', 'cheese', 'overflow', 'menjadi', 'menu', 'patennn']",jadi menu cheese overflow jadi menu patennn,menu cheese overflow menu patennn,"['menu', 'cheese', 'overflow', 'menu', 'patennn']"
delivery service not available,"['delivery', 'service', 'not', 'available']",delivery service not available,delivery service not available,"['delivery', 'service', 'not', 'available']"
aplikasi sampah daftarnya ribet banyak bug kek aplikasi yang  dibuat anak sma saja,"['aplikasi', 'sampah', 'daftarnya', 'ribet', 'banyak', 'bug', 'kek', 'aplikasi', 'yang', 'dibuat', 'anak', 'sma', 'saja']",aplikasi sampah daftar ribet banyak bug kek aplikasi yang buat anak sma saja,aplikasi sampah daftar ribet banyak bug kek aplikasi anak sma,"['aplikasi', 'sampah', 'daftar', 'ribet', 'banyak', 'bug', 'kek', 'aplikasi', 'anak', 'sma']"
tidak jelas mau makan saja  harus login taik lahh,"['tidak', 'jelas', 'mau', 'makan', 'saja', 'harus', 'login', 'taik', 'lahh']",tidak jelas mau makan saja harus login taik lahh,jelas mau makan login taik lahh,"['jelas', 'mau', 'makan', 'login', 'taik', 'lahh']"
fast respon pelayanan cepattepat dan rapi rasa tidak ada yang  berubah,"['fast', 'respon', 'pelayanan', 'cepattepat', 'dan', 'rapi', 'rasa', 'tidak', 'ada', 'yang', 'berubah']",fast respon layan cepattepat dan rapi rasa tidak ada yang ubah,fast respon layan cepattepat rapi rasa ubah,"['fast', 'respon', 'layan', 'cepattepat', 'rapi', 'rasa', 'ubah']"
aplikasi mudah digunakan dan banyak promonya,"['aplikasi', 'mudah', 'digunakan', 'dan', 'banyak', 'promonya']",aplikasi mudah guna dan banyak promonya,aplikasi mudah banyak promonya,"['aplikasi', 'mudah', 'banyak', 'promonya']"
good dan enak,"['good', 'dan', 'enak']",good dan enak,good enak,"['good', 'enak']"
lebih murah di aplikasi ini dari beli d lain nya dan banyak  bonus nya tiap transaksi,"['lebih', 'murah', 'di', 'aplikasi', 'ini', 'dari', 'beli', 'd', 'lain', 'nya', 'dan', 'banyak', 'bonus', 'nya', 'tiap', 'transaksi']",lebih murah di aplikasi ini dari beli d lain nya dan banyak bonus nya tiap transaksi,lebih murah aplikasi beli d banyak bonus tiap transaksi,"['lebih', 'murah', 'aplikasi', 'beli', 'd', 'banyak', 'bonus', 'tiap', 'transaksi']"
menyenangkan,['menyenangkan'],senang,senang,['senang']
semakin buruk aplikasinya saat login minta kode otp lewat saya tapi tidak pernah dikirim email dan password sudah benar  tapi tetap tak bisa login tutup saja  aplikasinya jika sudah begini sudah lama tidak berguna juga ini  aplikasi,"['semakin', 'buruk', 'aplikasinya', 'saat', 'login', 'minta', 'kode', 'otp', 'lewat', 'saya', 'tapi', 'tidak', 'pernah', 'dikirim', 'email', 'dan', 'password', 'sudah', 'benar', 'tapi', 'tetap', 'tak', 'bisa', 'login', 'tutup', 'saja', 'aplikasinya', 'jika', 'sudah', 'begini', 'sudah', 'lama', 'tidak', 'berguna', 'juga', 'ini', 'aplikasi']",makin buruk aplikasi saat login minta kode otp lewat saya tapi tidak pernah kirim email dan password sudah benar tapi tetap tak bisa login tutup saja aplikasi jika sudah begini sudah lama tidak guna juga ini aplikasi,makin buruk aplikasi login minta kode otp lewat pernah kirim email password benar tetap tak login tutup aplikasi begini lama aplikasi,"['makin', 'buruk', 'aplikasi', 'login', 'minta', 'kode', 'otp', 'lewat', 'pernah', 'kirim', 'email', 'password', 'benar', 'tetap', 'tak', 'login', 'tutup', 'aplikasi', 'begini', 'lama', 'aplikasi']"
leboh cepat pakai  aplikasi,"['leboh', 'cepat', 'pakai', 'aplikasi']",leboh cepat pakai aplikasi,leboh cepat pakai aplikasi,"['leboh', 'cepat', 'pakai', 'aplikasi']"
layanan cepat,"['layanan', 'cepat']",layan cepat,layan cepat,"['layan', 'cepat']"
kenapa sekarang kalau  mau daftar selalu salah kata sandi terus  anehh,"['kenapa', 'sekarang', 'kalau', 'mau', 'daftar', 'selalu', 'salah', 'kata', 'sandi', 'terus', 'anehh']",kenapa sekarang kalau mau daftar selalu salah kata sandi terus anehh,sekarang mau daftar selalu salah kata sandi terus anehh,"['sekarang', 'mau', 'daftar', 'selalu', 'salah', 'kata', 'sandi', 'terus', 'anehh']"
baru pertama kali pakai sudah tidak matching sama  gopay jadi trouble di gerai pizza hut alaudin,"['baru', 'pertama', 'kali', 'pakai', 'sudah', 'tidak', 'matching', 'sama', 'gopay', 'jadi', 'trouble', 'di', 'gerai', 'pizza', 'hut', 'alaudin']",baru pertama kali pakai sudah tidak matching sama gopay jadi trouble di gerai pizza hut alaudin,baru pertama kali pakai matching gopay trouble gerai pizza hut alaudin,"['baru', 'pertama', 'kali', 'pakai', 'matching', 'gopay', 'trouble', 'gerai', 'pizza', 'hut', 'alaudin']"
cukup membantu,"['cukup', 'membantu']",cukup bantu,cukup bantu,"['cukup', 'bantu']"
siipp,['siipp'],siipp,siipp,['siipp']
lemot,['lemot'],lot,lot,['lot']
abis nge tab aplikasi selalu crash,"['abis', 'nge', 'tab', 'aplikasi', 'selalu', 'crash']",abis nge tab aplikasi selalu crash,abis nge tab aplikasi selalu crash,"['abis', 'nge', 'tab', 'aplikasi', 'selalu', 'crash']"
buruk sekali,"['buruk', 'sekali']",buruk sekali,buruk sekali,"['buruk', 'sekali']"
good and easy,"['good', 'and', 'easy']",good and easy,good and easy,"['good', 'and', 'easy']"
aplikasi lemott perbaikin bug nyaa,"['aplikasi', 'lemott', 'perbaikin', 'bug', 'nyaa']",aplikasi lemott perbaikin bug nyaa,aplikasi lemott perbaikin bug nyaa,"['aplikasi', 'lemott', 'perbaikin', 'bug', 'nyaa']"
praktis cepat sampai pizza nya dan lezat,"['praktis', 'cepat', 'sampai', 'pizza', 'nya', 'dan', 'lezat']",praktis cepat sampai pizza nya dan lezat,praktis cepat pizza lezat,"['praktis', 'cepat', 'pizza', 'lezat']"
good aplication easy to use to pesanan pizza with promo for new members,"['good', 'aplication', 'easy', 'to', 'use', 'to', 'pesanan', 'pizza', 'with', 'promo', 'for', 'new', 'members']",good aplication easy to use to pesan pizza with promo for new members,good aplication easy to use to pesan pizza with promo for new members,"['good', 'aplication', 'easy', 'to', 'use', 'to', 'pesan', 'pizza', 'with', 'promo', 'for', 'new', 'members']"
penyajian tepat waktu,"['penyajian', 'tepat', 'waktu']",saji tepat waktu,saji tepat waktu,"['saji', 'tepat', 'waktu']"
saya sudah login lalu dapat  pesan kode otp akan dikirim ke saya tapi kode otp nya tidak masuk walaupun no hp sd benar saya klik kirim ulang otp pun tetap saja tidak ada yang  masuk ke saya gimana nih saya jadi tidak bisa login,"['saya', 'sudah', 'login', 'lalu', 'dapat', 'pesan', 'kode', 'otp', 'akan', 'dikirim', 'ke', 'saya', 'tapi', 'kode', 'otp', 'nya', 'tidak', 'masuk', 'walaupun', 'no', 'hp', 'sd', 'benar', 'saya', 'klik', 'kirim', 'ulang', 'otp', 'pun', 'tetap', 'saja', 'tidak', 'ada', 'yang', 'masuk', 'ke', 'saya', 'gimana', 'nih', 'saya', 'jadi', 'tidak', 'bisa', 'login']",saya sudah login lalu dapat pesan kode otp akan kirim ke saya tapi kode otp nya tidak masuk walaupun no hp sd benar saya klik kirim ulang otp pun tetap saja tidak ada yang masuk ke saya gimana nih saya jadi tidak bisa login,login lalu pesan kode otp kirim kode otp masuk walaupun hp sd benar klik kirim ulang otp tetap masuk gimana login,"['login', 'lalu', 'pesan', 'kode', 'otp', 'kirim', 'kode', 'otp', 'masuk', 'walaupun', 'hp', 'sd', 'benar', 'klik', 'kirim', 'ulang', 'otp', 'tetap', 'masuk', 'gimana', 'login']"
sejauh ini selalu on time,"['sejauh', 'ini', 'selalu', 'on', 'time']",jauh ini selalu on time,jauh selalu on time,"['jauh', 'selalu', 'on', 'time']"
okee sekali aplikasinya,"['okee', 'sekali', 'aplikasinya']",okee sekali aplikasi,okee sekali aplikasi,"['okee', 'sekali', 'aplikasi']"
mempermudah pemesanan gampang digunakan dan bisa mengumpulkan point untuk di tukarkan produk ph dapat  free produk untuk pengguna aplikasi baru kalau  tidak ada paket data tinggal minta wifi ke phnya heran banyak yang kasih  bintang jelek fyi berdasakan pengalaman kalau  daftar akun bikin passwordnya harus lengkap huruf besarhuruf kecil simbol angka karakter dijamin langsung jadi,"['mempermudah', 'pemesanan', 'gampang', 'digunakan', 'dan', 'bisa', 'mengumpulkan', 'point', 'untuk', 'di', 'tukarkan', 'produk', 'ph', 'dapat', 'free', 'produk', 'untuk', 'pengguna', 'aplikasi', 'baru', 'kalau', 'tidak', 'ada', 'paket', 'data', 'tinggal', 'minta', 'wifi', 'ke', 'phnya', 'heran', 'banyak', 'yang', 'kasih', 'bintang', 'jelek', 'fyi', 'berdasakan', 'pengalaman', 'kalau', 'daftar', 'akun', 'bikin', 'passwordnya', 'harus', 'lengkap', 'huruf', 'besarhuruf', 'kecil', 'simbol', 'angka', 'karakter', 'dijamin', 'langsung', 'jadi']",mudah mesan gampang guna dan bisa kumpul point untuk di tukar produk ph dapat free produk untuk guna aplikasi baru kalau tidak ada paket data tinggal minta wifi ke phnya heran banyak yang kasih bintang jelek fyi dasa alam kalau daftar akun bikin passwordnya harus lengkap huruf besarhuruf kecil simbol angka karakter jamin langsung jadi,mudah mesan gampang kumpul point tukar produk ph free produk aplikasi baru paket data tinggal minta wifi phnya heran banyak kasih bintang jelek fyi dasa alam daftar akun bikin passwordnya lengkap huruf besarhuruf kecil simbol angka karakter jamin langsung,"['mudah', 'mesan', 'gampang', 'kumpul', 'point', 'tukar', 'produk', 'ph', 'free', 'produk', 'aplikasi', 'baru', 'paket', 'data', 'tinggal', 'minta', 'wifi', 'phnya', 'heran', 'banyak', 'kasih', 'bintang', 'jelek', 'fyi', 'dasa', 'alam', 'daftar', 'akun', 'bikin', 'passwordnya', 'lengkap', 'huruf', 'besarhuruf', 'kecil', 'simbol', 'angka', 'karakter', 'jamin', 'langsung']"
kalau di yempat baru cepat,"['kalau', 'di', 'yempat', 'baru', 'cepat']",kalau di yempat baru cepat,yempat baru cepat,"['yempat', 'baru', 'cepat']"
aplikasi selalu loading pakai metode pembayaran tertentu sampai pending dan canceled kecewa menunggu lama,"['aplikasi', 'selalu', 'loading', 'pakai', 'metode', 'pembayaran', 'tertentu', 'sampai', 'pending', 'dan', 'canceled', 'kecewa', 'menunggu', 'lama']",aplikasi selalu loading pakai metode bayar tentu sampai pending dan canceled kecewa tunggu lama,aplikasi selalu loading pakai metode bayar pending canceled kecewa tunggu lama,"['aplikasi', 'selalu', 'loading', 'pakai', 'metode', 'bayar', 'pending', 'canceled', 'kecewa', 'tunggu', 'lama']"
tidak bisa lpgin otp tidak pernah masuk di saya aneh pusing buat baru tidak bisa,"['tidak', 'bisa', 'lpgin', 'otp', 'tidak', 'pernah', 'masuk', 'di', 'saya', 'aneh', 'pusing', 'buat', 'baru', 'tidak', 'bisa']",tidak bisa lpgin otp tidak pernah masuk di saya aneh pusing buat baru tidak bisa,lpgin otp pernah masuk aneh pusing baru,"['lpgin', 'otp', 'pernah', 'masuk', 'aneh', 'pusing', 'baru']"
mantap dan lebih mudah makan pizza dengan aplikasi,"['mantap', 'dan', 'lebih', 'mudah', 'makan', 'pizza', 'dengan', 'aplikasi']",mantap dan lebih mudah makan pizza dengan aplikasi,mantap lebih mudah makan pizza aplikasi,"['mantap', 'lebih', 'mudah', 'makan', 'pizza', 'aplikasi']"
setiap kali mau beli ph selalu lewat aplikasi karena males ngantri dan nunggu tinggal pencet aplikasi bayar tunggu orderan jadi tinggal ambil deh berhubung dari  ph kerumah tidak ada menit super praktis setiap kali orderan ready langsung di saya kalau pesanan sudah bisa diambil,"['setiap', 'kali', 'mau', 'beli', 'ph', 'selalu', 'lewat', 'aplikasi', 'karena', 'males', 'ngantri', 'dan', 'nunggu', 'tinggal', 'pencet', 'aplikasi', 'bayar', 'tunggu', 'orderan', 'jadi', 'tinggal', 'ambil', 'deh', 'berhubung', 'dari', 'ph', 'kerumah', 'tidak', 'ada', 'menit', 'super', 'praktis', 'setiap', 'kali', 'orderan', 'ready', 'langsung', 'di', 'saya', 'kalau', 'pesanan', 'sudah', 'bisa', 'diambil']",tiap kali mau beli ph selalu lewat aplikasi karena males ngantri dan nunggu tinggal pencet aplikasi bayar tunggu order jadi tinggal ambil deh hubung dari ph rumah tidak ada menit super praktis tiap kali order ready langsung di saya kalau pesan sudah bisa ambil,tiap kali mau beli ph selalu lewat aplikasi males ngantri nunggu tinggal pencet aplikasi bayar tunggu order tinggal ambil hubung ph rumah menit super praktis tiap kali order ready langsung pesan ambil,"['tiap', 'kali', 'mau', 'beli', 'ph', 'selalu', 'lewat', 'aplikasi', 'males', 'ngantri', 'nunggu', 'tinggal', 'pencet', 'aplikasi', 'bayar', 'tunggu', 'order', 'tinggal', 'ambil', 'hubung', 'ph', 'rumah', 'menit', 'super', 'praktis', 'tiap', 'kali', 'order', 'ready', 'langsung', 'pesan', 'ambil']"
lebih cepat,"['lebih', 'cepat']",lebih cepat,lebih cepat,"['lebih', 'cepat']"
nicee,['nicee'],nicee,nicee,['nicee']
integrasi pmbayaran dengan  gopay kurang maksimal,"['integrasi', 'pmbayaran', 'dengan', 'gopay', 'kurang', 'maksimal']",integrasi pmbayaran dengan gopay kurang maksimal,integrasi pmbayaran gopay kurang maksimal,"['integrasi', 'pmbayaran', 'gopay', 'kurang', 'maksimal']"
error connection,"['error', 'connection']",error connection,error connection,"['error', 'connection']"
good choice,"['good', 'choice']",good choice,good choice,"['good', 'choice']"
cepat diwaktu lapar,"['cepat', 'diwaktu', 'lapar']",cepat waktu lapar,cepat waktu lapar,"['cepat', 'waktu', 'lapar']"
tolong dong perbaiki no hp dimulai angka no susah daftar padahal sudah download,"['tolong', 'dong', 'perbaiki', 'no', 'hp', 'dimulai', 'angka', 'no', 'susah', 'daftar', 'padahal', 'sudah', 'download']",tolong dong baik no hp mulai angka no susah daftar padahal sudah download,dong baik hp mulai angka susah daftar padahal download,"['dong', 'baik', 'hp', 'mulai', 'angka', 'susah', 'daftar', 'padahal', 'download']"
upgrade lagi dong aplikasinya ditambahin fitur tracking kek jadinya kita tahu orderan kita itu sampai mana,"['upgrade', 'lagi', 'dong', 'aplikasinya', 'ditambahin', 'fitur', 'tracking', 'kek', 'jadinya', 'kita', 'tahu', 'orderan', 'kita', 'itu', 'sampai', 'mana']",upgrade lagi dong aplikasi ditambahin fitur tracking kek jadi kita tahu order kita itu sampai mana,upgrade dong aplikasi ditambahin fitur tracking kek tahu order mana,"['upgrade', 'dong', 'aplikasi', 'ditambahin', 'fitur', 'tracking', 'kek', 'tahu', 'order', 'mana']"
tempiatnya tanggal,"['tempiatnya', 'tanggal']",tempiatnya tanggal,tempiatnya tanggal,"['tempiatnya', 'tanggal']"
tidak bisa buat delivery padahal lokasi pizza hut dekat dengan rumah tiap pilih delivery selalu notif nya alamat rumah tidak termasuk area pengiriman,"['tidak', 'bisa', 'buat', 'delivery', 'padahal', 'lokasi', 'pizza', 'hut', 'dekat', 'dengan', 'rumah', 'tiap', 'pilih', 'delivery', 'selalu', 'notif', 'nya', 'alamat', 'rumah', 'tidak', 'termasuk', 'area', 'pengiriman']",tidak bisa buat delivery padahal lokasi pizza hut dekat dengan rumah tiap pilih delivery selalu notif nya alamat rumah tidak masuk area kirim,delivery padahal lokasi pizza hut dekat rumah tiap pilih delivery selalu notif alamat rumah masuk area kirim,"['delivery', 'padahal', 'lokasi', 'pizza', 'hut', 'dekat', 'rumah', 'tiap', 'pilih', 'delivery', 'selalu', 'notif', 'alamat', 'rumah', 'masuk', 'area', 'kirim']"
aneh jir masukin sandi salah padahal  sudah  benar  kak gem kak gem hihang hoheng,"['aneh', 'jir', 'masukin', 'sandi', 'salah', 'padahal', 'sudah', 'benar', 'kak', 'gem', 'kak', 'gem', 'hihang', 'hoheng']",aneh jir masukin sandi salah padahal sudah benar kak gem kak gem hihang hoheng,aneh jir masukin sandi salah padahal benar kak gem kak gem hihang hoheng,"['aneh', 'jir', 'masukin', 'sandi', 'salah', 'padahal', 'benar', 'kak', 'gem', 'kak', 'gem', 'hihang', 'hoheng']"
fast service sangat memuaskan,"['fast', 'service', 'sangat', 'memuaskan']",fast service sangat muas,fast service sangat muas,"['fast', 'service', 'sangat', 'muas']"
susah sekali untuk log in,"['susah', 'sekali', 'untuk', 'log', 'in']",susah sekali untuk log in,susah sekali log in,"['susah', 'sekali', 'log', 'in']"
banyak  free nya,"['banyak', 'free', 'nya']",banyak free nya,banyak free,"['banyak', 'free']"
buat aplikasi harusnya siap untuk event seperti ini sekarang ada promo raksasa tapi aplikasinya hanya bisa menampung sefraksi,"['buat', 'aplikasi', 'harusnya', 'siap', 'untuk', 'event', 'seperti', 'ini', 'sekarang', 'ada', 'promo', 'raksasa', 'tapi', 'aplikasinya', 'hanya', 'bisa', 'menampung', 'sefraksi']",buat aplikasi harus siap untuk event seperti ini sekarang ada promo raksasa tapi aplikasi hanya bisa tampung fraksi,aplikasi siap event sekarang promo raksasa aplikasi tampung fraksi,"['aplikasi', 'siap', 'event', 'sekarang', 'promo', 'raksasa', 'aplikasi', 'tampung', 'fraksi']"
mau beli pizza lupa pasword tapi susah untuk verifikasi lupa pasword nya ingin jajan pizza malah tidak jadi beli deh,"['mau', 'beli', 'pizza', 'lupa', 'pasword', 'tapi', 'susah', 'untuk', 'verifikasi', 'lupa', 'pasword', 'nya', 'ingin', 'jajan', 'pizza', 'malah', 'tidak', 'jadi', 'beli', 'deh']",mau beli pizza lupa pasword tapi susah untuk verifikasi lupa pasword nya ingin jajan pizza malah tidak jadi beli deh,mau beli pizza lupa pasword susah verifikasi lupa pasword jajan pizza malah beli,"['mau', 'beli', 'pizza', 'lupa', 'pasword', 'susah', 'verifikasi', 'lupa', 'pasword', 'jajan', 'pizza', 'malah', 'beli']"
terima kasih pizza hut biar pun saya  jarang pesanan tapi dengan  ada nya phd dekat dengan  rumah saya  sangat terbantu juga disaat kita lagi  ingin  pizza,"['terima', 'kasih', 'pizza', 'hut', 'biar', 'pun', 'saya', 'jarang', 'pesanan', 'tapi', 'dengan', 'ada', 'nya', 'phd', 'dekat', 'dengan', 'rumah', 'saya', 'sangat', 'terbantu', 'juga', 'disaat', 'kita', 'lagi', 'ingin', 'pizza']",terima kasih pizza hut biar pun saya jarang pesan tapi dengan ada nya phd dekat dengan rumah saya sangat bantu juga saat kita lagi ingin pizza,terima kasih pizza hut biar jarang pesan phd dekat rumah sangat bantu pizza,"['terima', 'kasih', 'pizza', 'hut', 'biar', 'jarang', 'pesan', 'phd', 'dekat', 'rumah', 'sangat', 'bantu', 'pizza']"
menu nya harus lebih banyak lagi dan pegawai nya lebih ke kreatif rasa pizza nya terima kasih,"['menu', 'nya', 'harus', 'lebih', 'banyak', 'lagi', 'dan', 'pegawai', 'nya', 'lebih', 'ke', 'kreatif', 'rasa', 'pizza', 'nya', 'terima', 'kasih']",menu nya harus lebih banyak lagi dan pegawai nya lebih ke kreatif rasa pizza nya terima kasih,menu lebih banyak pegawai lebih kreatif rasa pizza terima kasih,"['menu', 'lebih', 'banyak', 'pegawai', 'lebih', 'kreatif', 'rasa', 'pizza', 'terima', 'kasih']"
pengiriman kode otp nya kenapa selalu lama ya,"['pengiriman', 'kode', 'otp', 'nya', 'kenapa', 'selalu', 'lama', 'ya']",kirim kode otp nya kenapa selalu lama ya,kirim kode otp selalu lama,"['kirim', 'kode', 'otp', 'selalu', 'lama']"
memudahkan pelanggan untuk  membeli pizza,"['memudahkan', 'pelanggan', 'untuk', 'membeli', 'pizza']",mudah langgan untuk beli pizza,mudah langgan beli pizza,"['mudah', 'langgan', 'beli', 'pizza']"
tidak bisa delivery ke rumah saya,"['tidak', 'bisa', 'delivery', 'ke', 'rumah', 'saya']",tidak bisa delivery ke rumah saya,delivery rumah,"['delivery', 'rumah']"
pertama kali pengguna aplikasi pizza hutok punya,"['pertama', 'kali', 'pengguna', 'aplikasi', 'pizza', 'hutok', 'punya']",pertama kali guna aplikasi pizza hutok punya,pertama kali aplikasi pizza hutok punya,"['pertama', 'kali', 'aplikasi', 'pizza', 'hutok', 'punya']"
sangat membantu dalam pemesanan,"['sangat', 'membantu', 'dalam', 'pemesanan']",sangat bantu dalam mesan,sangat bantu mesan,"['sangat', 'bantu', 'mesan']"
sumpah sejak update pusing jadinya tidak bisa log in lagi kenapa tidak dibuat gampang sih misal login pakai  no hp saja  tidak usah pakai  email dan kalau lupa password tidak ribet nunggu otp ini malah sulit sekali kalau mau log ini lupa password,"['sumpah', 'sejak', 'update', 'pusing', 'jadinya', 'tidak', 'bisa', 'log', 'in', 'lagi', 'kenapa', 'tidak', 'dibuat', 'gampang', 'sih', 'misal', 'login', 'pakai', 'no', 'hp', 'saja', 'tidak', 'usah', 'pakai', 'email', 'dan', 'kalau', 'lupa', 'password', 'tidak', 'ribet', 'nunggu', 'otp', 'ini', 'malah', 'sulit', 'sekali', 'kalau', 'mau', 'log', 'ini', 'lupa', 'password']",sumpah sejak update pusing jadi tidak bisa log in lagi kenapa tidak buat gampang sih misal login pakai no hp saja tidak usah pakai email dan kalau lupa password tidak ribet nunggu otp ini malah sulit sekali kalau mau log ini lupa password,sumpah sejak update pusing log in gampang sih misal login pakai hp usah pakai email lupa password ribet nunggu otp malah sulit sekali mau log lupa password,"['sumpah', 'sejak', 'update', 'pusing', 'log', 'in', 'gampang', 'sih', 'misal', 'login', 'pakai', 'hp', 'usah', 'pakai', 'email', 'lupa', 'password', 'ribet', 'nunggu', 'otp', 'malah', 'sulit', 'sekali', 'mau', 'log', 'lupa', 'password']"
otp tidak masuk masuk,"['otp', 'tidak', 'masuk', 'masuk']",otp tidak masuk masuk,otp masuk masuk,"['otp', 'masuk', 'masuk']"
sangat membantu pelayanan cepat santai tunggu dirumah,"['sangat', 'membantu', 'pelayanan', 'cepat', 'santai', 'tunggu', 'dirumah']",sangat bantu layan cepat santai tunggu rumah,sangat bantu layan cepat santai tunggu rumah,"['sangat', 'bantu', 'layan', 'cepat', 'santai', 'tunggu', 'rumah']"
mohon sertakan nomor pengantar supaya bisa kasih info alamat jelas,"['mohon', 'sertakan', 'nomor', 'pengantar', 'supaya', 'bisa', 'kasih', 'info', 'alamat', 'jelas']",mohon serta nomor antar supaya bisa kasih info alamat jelas,mohon nomor antar kasih info alamat jelas,"['mohon', 'nomor', 'antar', 'kasih', 'info', 'alamat', 'jelas']"
kak kalau  misal memang ada kendala payment via gopay mohon ditiadakan saja kak ini orderan saya status masih pending credit card payment karena pilih go pay buat bayar,"['kak', 'kalau', 'misal', 'memang', 'ada', 'kendala', 'payment', 'via', 'gopay', 'mohon', 'ditiadakan', 'saja', 'kak', 'ini', 'orderan', 'saya', 'status', 'masih', 'pending', 'credit', 'card', 'payment', 'karena', 'pilih', 'go', 'pay', 'buat', 'bayar']",kak kalau misal memang ada kendala payment via gopay mohon tiada saja kak ini order saya status masih pending credit card payment karena pilih go pay buat bayar,kak misal memang kendala payment via gopay mohon tiada kak order status pending credit card payment pilih go pay bayar,"['kak', 'misal', 'memang', 'kendala', 'payment', 'via', 'gopay', 'mohon', 'tiada', 'kak', 'order', 'status', 'pending', 'credit', 'card', 'payment', 'pilih', 'go', 'pay', 'bayar']"
setelah di update tidak bisa login karena  otpnya tidak masuk sudah dicoba hari tapi masih tidak bisa,"['setelah', 'di', 'update', 'tidak', 'bisa', 'login', 'karena', 'otpnya', 'tidak', 'masuk', 'sudah', 'dicoba', 'hari', 'tapi', 'masih', 'tidak', 'bisa']",telah di update tidak bisa login karena otpnya tidak masuk sudah coba hari tapi masih tidak bisa,update login otpnya masuk coba hari,"['update', 'login', 'otpnya', 'masuk', 'coba', 'hari']"
sangat membantu delivery sangat cepat,"['sangat', 'membantu', 'delivery', 'sangat', 'cepat']",sangat bantu delivery sangat cepat,sangat bantu delivery sangat cepat,"['sangat', 'bantu', 'delivery', 'sangat', 'cepat']"
aplikasi minus parah susah buat daftar,"['aplikasi', 'minus', 'parah', 'susah', 'buat', 'daftar']",aplikasi minus parah susah buat daftar,aplikasi minus parah susah daftar,"['aplikasi', 'minus', 'parah', 'susah', 'daftar']"
karena sering pesan  disni makanya saya kasih rate bagus hanya  voucher sering tidak  bisa kepake padahal memenuhi segala aspek,"['karena', 'sering', 'pesan', 'disni', 'makanya', 'saya', 'kasih', 'rate', 'bagus', 'hanya', 'voucher', 'sering', 'tidak', 'bisa', 'kepake', 'padahal', 'memenuhi', 'segala', 'aspek']",karena sering pesan disni makanya saya kasih rate bagus hanya voucher sering tidak bisa kepake padahal penuh segala aspek,sering pesan disni makanya kasih rate bagus voucher sering kepake padahal penuh segala aspek,"['sering', 'pesan', 'disni', 'makanya', 'kasih', 'rate', 'bagus', 'voucher', 'sering', 'kepake', 'padahal', 'penuh', 'segala', 'aspek']"
good apps,"['good', 'apps']",good apps,good apps,"['good', 'apps']"
aplikasi yang  sangat nyebelinmau log in saja  susahminta kode otp segala tapi bukan ada dkirimnyaburuk sangat  aplikasi nya,"['aplikasi', 'yang', 'sangat', 'nyebelinmau', 'log', 'in', 'saja', 'susahminta', 'kode', 'otp', 'segala', 'tapi', 'bukan', 'ada', 'dkirimnyaburuk', 'sangat', 'aplikasi', 'nya']",aplikasi yang sangat nyebelinmau log in saja susahminta kode otp segala tapi bukan ada dkirimnyaburuk sangat aplikasi nya,aplikasi sangat nyebelinmau log in susahminta kode otp segala bukan dkirimnyaburuk sangat aplikasi,"['aplikasi', 'sangat', 'nyebelinmau', 'log', 'in', 'susahminta', 'kode', 'otp', 'segala', 'bukan', 'dkirimnyaburuk', 'sangat', 'aplikasi']"
tidak jelas promo pengguna baru bagaimana  nech pas buka apldisuruh update terus ,"['tidak', 'jelas', 'promo', 'pengguna', 'baru', 'bagaimana', 'nech', 'pas', 'buka', 'apldisuruh', 'update', 'terus']",tidak jelas promo guna baru bagaimana nech pas buka apldisuruh update terus,jelas promo baru bagaimana nech pas buka apldisuruh update terus,"['jelas', 'promo', 'baru', 'bagaimana', 'nech', 'pas', 'buka', 'apldisuruh', 'update', 'terus']"
aplikasinya bagus namun sayang sekali rupanya wilayah saya belum terjangkau,"['aplikasinya', 'bagus', 'namun', 'sayang', 'sekali', 'rupanya', 'wilayah', 'saya', 'belum', 'terjangkau']",aplikasi bagus namun sayang sekali rupa wilayah saya belum jangkau,aplikasi bagus sayang sekali rupa wilayah jangkau,"['aplikasi', 'bagus', 'sayang', 'sekali', 'rupa', 'wilayah', 'jangkau']"
sekarang deliverynya tidak bisa lewat pizza hut ya harus lewat phd rotinya enak ph tebal kalau phd tipis,"['sekarang', 'deliverynya', 'tidak', 'bisa', 'lewat', 'pizza', 'hut', 'ya', 'harus', 'lewat', 'phd', 'rotinya', 'enak', 'ph', 'tebal', 'kalau', 'phd', 'tipis']",sekarang deliverynya tidak bisa lewat pizza hut ya harus lewat phd roti enak ph tebal kalau phd tipis,sekarang deliverynya lewat pizza hut lewat phd roti enak ph tebal phd tipis,"['sekarang', 'deliverynya', 'lewat', 'pizza', 'hut', 'lewat', 'phd', 'roti', 'enak', 'ph', 'tebal', 'phd', 'tipis']"
seharusnya hadiah survei itu berganti ganti jangan terus menerus coca cola sangat membosankan bagi yang  ke pizza hut sebulan x kemudian pertanyaan surveinya perlu diperbaiki,"['seharusnya', 'hadiah', 'survei', 'itu', 'berganti', 'ganti', 'jangan', 'terus', 'menerus', 'coca', 'cola', 'sangat', 'membosankan', 'bagi', 'yang', 'ke', 'pizza', 'hut', 'sebulan', 'x', 'kemudian', 'pertanyaan', 'surveinya', 'perlu', 'diperbaiki']",harus hadiah survei itu ganti ganti jangan terus terus coca cola sangat bosan bagi yang ke pizza hut bulan x kemudian tanya survei perlu baik,hadiah survei ganti ganti jangan terus terus coca cola sangat bosan pizza hut bulan x kemudian tanya survei perlu baik,"['hadiah', 'survei', 'ganti', 'ganti', 'jangan', 'terus', 'terus', 'coca', 'cola', 'sangat', 'bosan', 'pizza', 'hut', 'bulan', 'x', 'kemudian', 'tanya', 'survei', 'perlu', 'baik']"
okelah,['okelah'],oke,oke,['oke']
tidak memberikan promo pelanggan baru,"['tidak', 'memberikan', 'promo', 'pelanggan', 'baru']",tidak beri promo langgan baru,beri promo langgan baru,"['beri', 'promo', 'langgan', 'baru']"
kenapa tidak pernah bisa registrasi ya padahal password sudah di bikin sesuai ketentuan aneh capai  sekali  pakai  akun google yang  beda pun tetap  sama ujungnya,"['kenapa', 'tidak', 'pernah', 'bisa', 'registrasi', 'ya', 'padahal', 'password', 'sudah', 'di', 'bikin', 'sesuai', 'ketentuan', 'aneh', 'capai', 'sekali', 'pakai', 'akun', 'google', 'yang', 'beda', 'pun', 'tetap', 'sama', 'ujungnya']",kenapa tidak pernah bisa registrasi ya padahal password sudah di bikin sesuai tentu aneh capai sekali pakai akun google yang beda pun tetap sama ujung,pernah registrasi padahal password bikin sesuai aneh capai sekali pakai akun google beda tetap ujung,"['pernah', 'registrasi', 'padahal', 'password', 'bikin', 'sesuai', 'aneh', 'capai', 'sekali', 'pakai', 'akun', 'google', 'beda', 'tetap', 'ujung']"
bissmillah,['bissmillah'],bissmillah,bissmillah,['bissmillah']
good jobs,"['good', 'jobs']",good jobs,good jobs,"['good', 'jobs']"
bagus aplikasinya mudah dimengerti dan update maps nya,"['bagus', 'aplikasinya', 'mudah', 'dimengerti', 'dan', 'update', 'maps', 'nya']",bagus aplikasi mudah erti dan update maps nya,bagus aplikasi mudah erti update maps,"['bagus', 'aplikasi', 'mudah', 'erti', 'update', 'maps']"
pelayanan bagus,"['pelayanan', 'bagus']",layan bagus,layan bagus,"['layan', 'bagus']"
menu selalu oke,"['menu', 'selalu', 'oke']",menu selalu oke,menu selalu oke,"['menu', 'selalu', 'oke']"
banyak promo terus tingkatkan,"['banyak', 'promo', 'terus', 'tingkatkan']",banyak promo terus tingkat,banyak promo terus tingkat,"['banyak', 'promo', 'terus', 'tingkat']"
free pizza nya mantab,"['free', 'pizza', 'nya', 'mantab']",free pizza nya mantab,free pizza mantab,"['free', 'pizza', 'mantab']"
enak sekali ,"['enak', 'sekali']",enak sekali,enak sekali,"['enak', 'sekali']"
aplikasinya loading terus tidak bisa di buka bikin kesal  sudah di uninstall terus instal ulang lagi sama saja,"['aplikasinya', 'loading', 'terus', 'tidak', 'bisa', 'di', 'buka', 'bikin', 'kesal', 'sudah', 'di', 'uninstall', 'terus', 'instal', 'ulang', 'lagi', 'sama', 'saja']",aplikasi loading terus tidak bisa di buka bikin kesal sudah di uninstall terus instal ulang lagi sama saja,aplikasi loading terus buka bikin kesal uninstall terus instal ulang,"['aplikasi', 'loading', 'terus', 'buka', 'bikin', 'kesal', 'uninstall', 'terus', 'instal', 'ulang']"
promo tidak ada kesal ,"['promo', 'tidak', 'ada', 'kesal']",promo tidak ada kesal,promo kesal,"['promo', 'kesal']"
aplikasi nya sangat ramah sampai saya kasih bintang jam saya mau login tidak bisa sama sekali  tolong di perbaiki aplikasi nya,"['aplikasi', 'nya', 'sangat', 'ramah', 'sampai', 'saya', 'kasih', 'bintang', 'jam', 'saya', 'mau', 'login', 'tidak', 'bisa', 'sama', 'sekali', 'tolong', 'di', 'perbaiki', 'aplikasi', 'nya']",aplikasi nya sangat ramah sampai saya kasih bintang jam saya mau login tidak bisa sama sekali tolong di baik aplikasi nya,aplikasi sangat ramah kasih bintang jam mau login sekali baik aplikasi,"['aplikasi', 'sangat', 'ramah', 'kasih', 'bintang', 'jam', 'mau', 'login', 'sekali', 'baik', 'aplikasi']"
kesukaan ibu,"['kesukaan', 'ibu']",suka ibu,suka ibu,"['suka', 'ibu']"
simple and crisp,"['simple', 'and', 'crisp']",simple and crisp,simple and crisp,"['simple', 'and', 'crisp']"
jauh lebih murah pakai  aplikasi nya daripada beli di ojol seru dapat gratis  terus makasih pizza hut,"['jauh', 'lebih', 'murah', 'pakai', 'aplikasi', 'nya', 'daripada', 'beli', 'di', 'ojol', 'seru', 'dapat', 'gratis', 'terus', 'makasih', 'pizza', 'hut']",jauh lebih murah pakai aplikasi nya daripada beli di ojol seru dapat gratis terus makasih pizza hut,jauh lebih murah pakai aplikasi beli ojol seru gratis terus makasih pizza hut,"['jauh', 'lebih', 'murah', 'pakai', 'aplikasi', 'beli', 'ojol', 'seru', 'gratis', 'terus', 'makasih', 'pizza', 'hut']"
kasih dulu soalnya login otp nya tidak keluar terus,"['kasih', 'dulu', 'soalnya', 'login', 'otp', 'nya', 'tidak', 'keluar', 'terus']",kasih dulu soal login otp nya tidak keluar terus,kasih dulu soal login otp keluar terus,"['kasih', 'dulu', 'soal', 'login', 'otp', 'keluar', 'terus']"
login nya tidak pernah berhasil sampai sekarang tidak masuk,"['login', 'nya', 'tidak', 'pernah', 'berhasil', 'sampai', 'sekarang', 'tidak', 'masuk']",login nya tidak pernah hasil sampai sekarang tidak masuk,login pernah hasil sekarang masuk,"['login', 'pernah', 'hasil', 'sekarang', 'masuk']"
banyak bonus oke nya,"['banyak', 'bonus', 'oke', 'nya']",banyak bonus oke nya,banyak bonus oke,"['banyak', 'bonus', 'oke']"
perfect,['perfect'],perfect,perfect,['perfect']
senang pesanan via aplikasi ini mudah dan free delivery terimakasih pizza hut,"['senang', 'pesanan', 'via', 'aplikasi', 'ini', 'mudah', 'dan', 'free', 'delivery', 'terimakasih', 'pizza', 'hut']",senang pesan via aplikasi ini mudah dan free delivery terimakasih pizza hut,senang pesan via aplikasi mudah free delivery terimakasih pizza hut,"['senang', 'pesan', 'via', 'aplikasi', 'mudah', 'free', 'delivery', 'terimakasih', 'pizza', 'hut']"
pemesanan tidak ribet banyak promo cepat  prosesnya sampai pengantaran makanan tiba di rumah masih panas makanannya mantaps,"['pemesanan', 'tidak', 'ribet', 'banyak', 'promo', 'cepat', 'prosesnya', 'sampai', 'pengantaran', 'makanan', 'tiba', 'di', 'rumah', 'masih', 'panas', 'makanannya', 'mantaps']",mesan tidak ribet banyak promo cepat proses sampai antar makan tiba di rumah masih panas makan mantaps,mesan ribet banyak promo cepat proses antar makan tiba rumah panas makan mantaps,"['mesan', 'ribet', 'banyak', 'promo', 'cepat', 'proses', 'antar', 'makan', 'tiba', 'rumah', 'panas', 'makan', 'mantaps']"
solusi tepat disaat perut lapar,"['solusi', 'tepat', 'disaat', 'perut', 'lapar']",solusi tepat saat perut lapar,solusi tepat perut lapar,"['solusi', 'tepat', 'perut', 'lapar']"
thanks phd,"['thanks', 'phd']",thanks phd,thanks phd,"['thanks', 'phd']"
jadi mudah,"['jadi', 'mudah']",jadi mudah,mudah,['mudah']
aplikasinya ribetkaga bisa buat bayar gopaykelamaan loadingterus buat cancelnya juga ribet bgtmakin ke sini makin burukbukanya makin baik,"['aplikasinya', 'ribetkaga', 'bisa', 'buat', 'bayar', 'gopaykelamaan', 'loadingterus', 'buat', 'cancelnya', 'juga', 'ribet', 'bgtmakin', 'ke', 'sini', 'makin', 'burukbukanya', 'makin', 'baik']",aplikasi ribetkaga bisa buat bayar gopaykelamaan loadingterus buat cancelnya juga ribet bgtmakin ke sini makin burukbukanya makin baik,aplikasi ribetkaga bayar gopaykelamaan loadingterus cancelnya ribet bgtmakin sini makin burukbukanya makin baik,"['aplikasi', 'ribetkaga', 'bayar', 'gopaykelamaan', 'loadingterus', 'cancelnya', 'ribet', 'bgtmakin', 'sini', 'makin', 'burukbukanya', 'makin', 'baik']"
pengantaran cepat masih hangat,"['pengantaran', 'cepat', 'masih', 'hangat']",antar cepat masih hangat,antar cepat hangat,"['antar', 'cepat', 'hangat']"
nice aplikasi thanks,"['nice', 'aplikasi', 'thanks']",nice aplikasi thanks,nice aplikasi thanks,"['nice', 'aplikasi', 'thanks']"
sewaktu mau delivery selalu ada tulisan oo pss wilayahmu belum terdeteksi delivery payah,"['sewaktu', 'mau', 'delivery', 'selalu', 'ada', 'tulisan', 'oo', 'pss', 'wilayahmu', 'belum', 'terdeteksi', 'delivery', 'payah']",waktu mau delivery selalu ada tulis oo pss wilayah belum deteksi delivery payah,waktu mau delivery selalu tulis oo pss wilayah deteksi delivery payah,"['waktu', 'mau', 'delivery', 'selalu', 'tulis', 'oo', 'pss', 'wilayah', 'deteksi', 'delivery', 'payah']"
makanan favorit sepanjang masa mantap lezat dan nikmat enak buat bersama atau sendiri apalagi kalau  pas ada promo penjualan lalu penukaran point juga lumayan bisa buat cemilan di rumah sambil santai tidak kosong sambil santai menonton tv lebih asyik pokoknya mantap deh makanan favorit sepanjang masa mantap lezat dan nikmat enak buat bersama atau sendiri apalagi kalau  pas ada promo penjualan lalu penukaran point juga lumayan bisa buat cemilan di rumah sambil santai atau sambil jalan,"['makanan', 'favorit', 'sepanjang', 'masa', 'mantap', 'lezat', 'dan', 'nikmat', 'enak', 'buat', 'bersama', 'atau', 'sendiri', 'apalagi', 'kalau', 'pas', 'ada', 'promo', 'penjualan', 'lalu', 'penukaran', 'point', 'juga', 'lumayan', 'bisa', 'buat', 'cemilan', 'di', 'rumah', 'sambil', 'santai', 'tidak', 'kosong', 'sambil', 'santai', 'menonton', 'tv', 'lebih', 'asyik', 'pokoknya', 'mantap', 'deh', 'makanan', 'favorit', 'sepanjang', 'masa', 'mantap', 'lezat', 'dan', 'nikmat', 'enak', 'buat', 'bersama', 'atau', 'sendiri', 'apalagi', 'kalau', 'pas', 'ada', 'promo', 'penjualan', 'lalu', 'penukaran', 'point', 'juga', 'lumayan', 'bisa', 'buat', 'cemilan', 'di', 'rumah', 'sambil', 'santai', 'atau', 'sambil', 'jalan']",makan favorit panjang masa mantap lezat dan nikmat enak buat sama atau sendiri apalagi kalau pas ada promo jual lalu tukar point juga lumayan bisa buat cemilan di rumah sambil santai tidak kosong sambil santai tonton tv lebih asyik pokok mantap deh makan favorit panjang masa mantap lezat dan nikmat enak buat sama atau sendiri apalagi kalau pas ada promo jual lalu tukar point juga lumayan bisa buat cemilan di rumah sambil santai atau sambil jalan,makan favorit panjang masa mantap lezat nikmat enak sendiri pas promo jual lalu tukar point lumayan cemilan rumah santai kosong santai tonton tv lebih asyik pokok mantap makan favorit panjang masa mantap lezat nikmat enak sendiri pas promo jual lalu tukar point lumayan cemilan rumah santai jalan,"['makan', 'favorit', 'panjang', 'masa', 'mantap', 'lezat', 'nikmat', 'enak', 'sendiri', 'pas', 'promo', 'jual', 'lalu', 'tukar', 'point', 'lumayan', 'cemilan', 'rumah', 'santai', 'kosong', 'santai', 'tonton', 'tv', 'lebih', 'asyik', 'pokok', 'mantap', 'makan', 'favorit', 'panjang', 'masa', 'mantap', 'lezat', 'nikmat', 'enak', 'sendiri', 'pas', 'promo', 'jual', 'lalu', 'tukar', 'point', 'lumayan', 'cemilan', 'rumah', 'santai', 'jalan']"
bagus sangat membantu,"['bagus', 'sangat', 'membantu']",bagus sangat bantu,bagus sangat bantu,"['bagus', 'sangat', 'bantu']"
bagggsuusssssss,['bagggsuusssssss'],bagggsuusssssss,bagggsuusssssss,['bagggsuusssssss']
setelah di update mau pesan  take away malah tidak ada di peta tolong diperbaiki,"['setelah', 'di', 'update', 'mau', 'pesan', 'take', 'away', 'malah', 'tidak', 'ada', 'di', 'peta', 'tolong', 'diperbaiki']",telah di update mau pesan take away malah tidak ada di peta tolong baik,update mau pesan take away malah peta baik,"['update', 'mau', 'pesan', 'take', 'away', 'malah', 'peta', 'baik']"
desahan nikmat ilahii,"['desahan', 'nikmat', 'ilahii']",desah nikmat ilahi,desah nikmat ilahi,"['desah', 'nikmat', 'ilahi']"
nyihiiiiiiiiiii,['nyihiiiiiiiiiii'],nyihiiiiiiiiiii,nyihiiiiiiiiiii,['nyihiiiiiiiiiii']
good laaah pesan lewat  aplikasi bisa kumpulin slices pizza untuk jadi voucer,"['good', 'laaah', 'pesan', 'lewat', 'aplikasi', 'bisa', 'kumpulin', 'slices', 'pizza', 'untuk', 'jadi', 'voucer']",good laaah pesan lewat aplikasi bisa kumpulin slices pizza untuk jadi voucer,good laaah pesan lewat aplikasi kumpulin slices pizza voucer,"['good', 'laaah', 'pesan', 'lewat', 'aplikasi', 'kumpulin', 'slices', 'pizza', 'voucer']"
semua nya bagus dapat free juga terima kasih,"['semua', 'nya', 'bagus', 'dapat', 'free', 'juga', 'terima', 'kasih']",semua nya bagus dapat free juga terima kasih,semua bagus free terima kasih,"['semua', 'bagus', 'free', 'terima', 'kasih']"
gampang sekali dengan  online pesanan via aplikasi pizza hutbanyak bonusny juga,"['gampang', 'sekali', 'dengan', 'online', 'pesanan', 'via', 'aplikasi', 'pizza', 'hutbanyak', 'bonusny', 'juga']",gampang sekali dengan online pesan via aplikasi pizza hutbanyak bonusny juga,gampang sekali online pesan via aplikasi pizza hutbanyak bonusny,"['gampang', 'sekali', 'online', 'pesan', 'via', 'aplikasi', 'pizza', 'hutbanyak', 'bonusny']"
bagus tapi voucher nya jarang bisa digunain kenapa ya,"['bagus', 'tapi', 'voucher', 'nya', 'jarang', 'bisa', 'digunain', 'kenapa', 'ya']",bagus tapi voucher nya jarang bisa digunain kenapa ya,bagus voucher jarang digunain,"['bagus', 'voucher', 'jarang', 'digunain']"
mudah dan cepat,"['mudah', 'dan', 'cepat']",mudah dan cepat,mudah cepat,"['mudah', 'cepat']"
saya dapat pizza gratis alhamdulilah kami beri bintang lima karena pizzanya enak sekali  segitu saja  ya terimakasih,"['saya', 'dapat', 'pizza', 'gratis', 'alhamdulilah', 'kami', 'beri', 'bintang', 'lima', 'karena', 'pizzanya', 'enak', 'sekali', 'segitu', 'saja', 'ya', 'terimakasih']",saya dapat pizza gratis alhamdulilah kami beri bintang lima karena pizzanya enak sekali segitu saja ya terimakasih,pizza gratis alhamdulilah beri bintang lima pizzanya enak sekali segitu terimakasih,"['pizza', 'gratis', 'alhamdulilah', 'beri', 'bintang', 'lima', 'pizzanya', 'enak', 'sekali', 'segitu', 'terimakasih']"
mantoel banyak promo nya,"['mantoel', 'banyak', 'promo', 'nya']",mantoel banyak promo nya,mantoel banyak promo,"['mantoel', 'banyak', 'promo']"
banyak promo dan bisa dapat harga terbaik via aplikasi,"['banyak', 'promo', 'dan', 'bisa', 'dapat', 'harga', 'terbaik', 'via', 'aplikasi']",banyak promo dan bisa dapat harga baik via aplikasi,banyak promo harga baik via aplikasi,"['banyak', 'promo', 'harga', 'baik', 'via', 'aplikasi']"
cukup simple,"['cukup', 'simple']",cukup simple,cukup simple,"['cukup', 'simple']"
lebih cepat lebih hemat banyak promo gratisnya cinta it,"['lebih', 'cepat', 'lebih', 'hemat', 'banyak', 'promo', 'gratisnya', 'cinta', 'it']",lebih cepat lebih hemat banyak promo gratis cinta it,lebih cepat lebih hemat banyak promo gratis cinta,"['lebih', 'cepat', 'lebih', 'hemat', 'banyak', 'promo', 'gratis', 'cinta']"
hari ini saya kasih bintang karena kecewa dengan pelayanan biasanya saya  i der via aplikasi eengan pembayaran online dilayani delivery sesuai pesanan waktu namun hari ini saya  pesan lewat aplikasi take away distore dengan janji pegambilan jam sore dengan pembayaran di store tapi yang  saya  dapat pesanan saya  belum di buatkan dan setelah say bayar baru dibuatkan sehingga saya harus menunggu lagi pertanyaan saya apakah memang seperti itu sop pelayannya bayar dahulu baru di buatkan pesanan,"['hari', 'ini', 'saya', 'kasih', 'bintang', 'karena', 'kecewa', 'dengan', 'pelayanan', 'biasanya', 'saya', 'i', 'der', 'via', 'aplikasi', 'eengan', 'pembayaran', 'online', 'dilayani', 'delivery', 'sesuai', 'pesanan', 'waktu', 'namun', 'hari', 'ini', 'saya', 'pesan', 'lewat', 'aplikasi', 'take', 'away', 'distore', 'dengan', 'janji', 'pegambilan', 'jam', 'sore', 'dengan', 'pembayaran', 'di', 'store', 'tapi', 'yang', 'saya', 'dapat', 'pesanan', 'saya', 'belum', 'di', 'buatkan', 'dan', 'setelah', 'say', 'bayar', 'baru', 'dibuatkan', 'sehingga', 'saya', 'harus', 'menunggu', 'lagi', 'pertanyaan', 'saya', 'apakah', 'memang', 'seperti', 'itu', 'sop', 'pelayannya', 'bayar', 'dahulu', 'baru', 'di', 'buatkan', 'pesanan']",hari ini saya kasih bintang karena kecewa dengan layan biasa saya i der via aplikasi eengan bayar online layan delivery sesuai pesan waktu namun hari ini saya pesan lewat aplikasi take away distore dengan janji pegambilan jam sore dengan bayar di store tapi yang saya dapat pesan saya belum di buat dan telah say bayar baru buat sehingga saya harus tunggu lagi tanya saya apakah memang seperti itu sop layan bayar dahulu baru di buat pesan,hari kasih bintang kecewa layan biasa i der via aplikasi eengan bayar online layan delivery sesuai pesan waktu hari pesan lewat aplikasi take away distore janji pegambilan jam sore bayar store pesan say bayar baru tunggu tanya memang sop layan bayar baru pesan,"['hari', 'kasih', 'bintang', 'kecewa', 'layan', 'biasa', 'i', 'der', 'via', 'aplikasi', 'eengan', 'bayar', 'online', 'layan', 'delivery', 'sesuai', 'pesan', 'waktu', 'hari', 'pesan', 'lewat', 'aplikasi', 'take', 'away', 'distore', 'janji', 'pegambilan', 'jam', 'sore', 'bayar', 'store', 'pesan', 'say', 'bayar', 'baru', 'tunggu', 'tanya', 'memang', 'sop', 'layan', 'bayar', 'baru', 'pesan']"
memudahkan dalam pelayanan konsumen,"['memudahkan', 'dalam', 'pelayanan', 'konsumen']",mudah dalam layan konsumen,mudah layan konsumen,"['mudah', 'layan', 'konsumen']"
oiii aplikasi kondom kamu tidak jelas saya masukin kata sandi dan email jelas benar  gblo kamu kok malah bilang salah tidak masuk akal,"['oiii', 'aplikasi', 'kondom', 'kamu', 'tidak', 'jelas', 'saya', 'masukin', 'kata', 'sandi', 'dan', 'email', 'jelas', 'benar', 'gblo', 'kamu', 'kok', 'malah', 'bilang', 'salah', 'tidak', 'masuk', 'akal']",oiii aplikasi kondom kamu tidak jelas saya masukin kata sandi dan email jelas benar gblo kamu kok malah bilang salah tidak masuk akal,oiii aplikasi kondom jelas masukin kata sandi email jelas benar gblo kok malah bilang salah masuk akal,"['oiii', 'aplikasi', 'kondom', 'jelas', 'masukin', 'kata', 'sandi', 'email', 'jelas', 'benar', 'gblo', 'kok', 'malah', 'bilang', 'salah', 'masuk', 'akal']"
mantab rasa pizza nya,"['mantab', 'rasa', 'pizza', 'nya']",mantab rasa pizza nya,mantab rasa pizza,"['mantab', 'rasa', 'pizza']"
aplikasi tolol kesal  sekali  tidak dapat  kode otp nya asw baik sekali  saya  kasih  bintang omg,"['aplikasi', 'tolol', 'kesal', 'sekali', 'tidak', 'dapat', 'kode', 'otp', 'nya', 'asw', 'baik', 'sekali', 'saya', 'kasih', 'bintang', 'omg']",aplikasi tolol kesal sekali tidak dapat kode otp nya asw baik sekali saya kasih bintang omg,aplikasi tolol kesal sekali kode otp asw baik sekali kasih bintang omg,"['aplikasi', 'tolol', 'kesal', 'sekali', 'kode', 'otp', 'asw', 'baik', 'sekali', 'kasih', 'bintang', 'omg']"
suka pakai  pointnya dan tolong donk puff pastry nya  di input juga untuk  delivery,"['suka', 'pakai', 'pointnya', 'dan', 'tolong', 'donk', 'puff', 'pastry', 'nya', 'di', 'input', 'juga', 'untuk', 'delivery']",suka pakai point dan tolong donk puff pastry nya di input juga untuk delivery,suka pakai point donk puff pastry input delivery,"['suka', 'pakai', 'point', 'donk', 'puff', 'pastry', 'input', 'delivery']"
cepat,['cepat'],cepat,cepat,['cepat']
mau pesan mudah dengan aplikasinya,"['mau', 'pesan', 'mudah', 'dengan', 'aplikasinya']",mau pesan mudah dengan aplikasi,mau pesan mudah aplikasi,"['mau', 'pesan', 'mudah', 'aplikasi']"
tidak bisa loginga ada notif saya,"['tidak', 'bisa', 'loginga', 'ada', 'notif', 'saya']",tidak bisa loginga ada notif saya,loginga notif,"['loginga', 'notif']"
pengantaran cepat,"['pengantaran', 'cepat']",antar cepat,antar cepat,"['antar', 'cepat']"
bonus slicenya nyenengin sekali  bisa dapat gratis ,"['bonus', 'slicenya', 'nyenengin', 'sekali', 'bisa', 'dapat', 'gratis']",bonus slicenya nyenengin sekali bisa dapat gratis,bonus slicenya nyenengin sekali gratis,"['bonus', 'slicenya', 'nyenengin', 'sekali', 'gratis']"
